depot_id,vehicle_number,Latitude,Longitude,distance_from_college_km,last_seen_time,device_id,odometer_reading,fuel_level
108,TN87E7166,13.0119716,80.007605,0.57,2025-09-03 21:54:00,353201357178323,0.0,258.0
7,TN01BP5432,13.007226,79.995048,0.93,2025-09-03 23:58:41,865933032032175,0.0,0.0
4,TN01BM4494,12.970423,79.976074,5.19,2025-09-03 23:34:37,865933032837730,0.0,0.0
12,TN05CS5122,13.037663,80.044944,5.52,2025-09-03 23:58:41,865933032012037,0.0,0.0
72,TN878019,13.040096666666669,80.05213666666667,6.32,2025-09-03 23:58:36,7750,0.0,228.93
56,TN872291,12.996105,80.10783666666667,11.39,2025-09-03 23:58:56,7448,0.0,113.16
44,TN870466,12.996156666666666,80.10803333333334,11.41,2025-09-03 23:58:59,7415,0.0,291.5
59,TN872302,12.996,80.1079654,11.41,2025-09-03 23:58:19,864547034489539,0.0,69.98
17,TN12AU6647,12.99607,80.1080049,11.41,2025-09-03 16:35:24,353201357606075,0.0,127.0
120,TN87F2603,12.91587,80.0736483,12.82,2025-09-03 21:10:34,353201358043112,0.0,299.0
110,TN87E7207,13.1271416,79.994105,13.2,2025-09-03 19:03:59,353201358042908,0.0,259.0
79,TN879074,13.12715,79.99423666666667,13.2,2025-09-03 23:58:51,7720,0.0,255.59
94,TN87B0869,13.1191837,80.0860404,15.19,2025-09-03 23:58:19,864502038823480,0.0,250.88
87,TN87A3540,13.1192171,80.0861835,15.2,2025-09-03 23:53:40,864547034548904,0.0,200.32
93,TN87B0846,13.1190836,80.0862503,15.2,2025-09-03 18:44:08,864502038928271,0.0,353.02
31,TN12BH6042,13.091298,80.121109,15.7,2025-09-03 23:57:07,865933031285436,0.0,0.0
77,TN878773,13.0912506,80.1212024,15.71,2025-09-03 23:58:33,864547034462569,0.0,162.29
80,TN879103,13.09124,80.12119166666666,15.71,2025-09-03 23:58:58,7722,0.0,206.47
112,TN87E7249,13.0913249,80.1211749,15.71,2025-09-03 21:08:28,353201357659751,0.0,132.0
106,TN87E6455,12.8901416,80.0854833,15.9,2025-09-03 19:03:44,353201358042148,0.0,297.0
96,TN87B0880,13.0652165,80.1497364,17.04,2025-09-03 16:56:34,869943059034463,0.0,378.92
102,TN87D7350,13.091042,79.8576498,18.26,2025-09-03 23:58:05,868960063531939,0.0,100.41
8,TN01BP8438,13.057,80.166419,18.45,2025-09-03 23:36:33,865933032040319,0.0,0.0
39,TN21BY1639,13.159276666666669,80.11026833333334,20.35,2025-09-03 23:58:53,7402,0.0,206.08
119,TN87F2602,13.1602816,80.1100033,20.42,2025-09-03 21:01:45,353201357178406,0.0,239.0
5,TN01BP3206,12.943923,80.183868,20.83,2025-09-03 23:41:42,865933032027613,0.0,0.0
6,TN01BP3245,12.943843,80.183853,20.83,2025-09-03 23:58:41,865933032034122,0.0,0.0
117,TN87F0976,12.9438483,80.18389,20.84,2025-09-03 22:02:43,353201358041769,0.0,315.0
124,TN87F2652,12.9438283,80.1839216,20.84,2025-09-03 20:12:45,353201357774709,0.0,140.0
121,TN87F2607,12.94384,80.183895,20.84,2025-09-03 20:24:18,353201356875754,0.0,223.0
114,TN87E7654,12.9437883,80.1838716,20.84,2025-09-03 23:08:43,353201358178298,0.0,161.0
48,TN871044,12.943786666666666,80.18387,20.84,2025-09-03 23:40:29,7427,0.0,82.37
125,TN87F2685,12.943835,80.1840166,20.85,2025-09-03 23:58:34,353201357167755,0.0,233.0
113,TN87E7626,12.9437466,80.1839383,20.85,2025-09-03 19:35:06,353201357123212,0.0,253.0
19,TN12AU6678,12.9437199,80.1839983,20.85,2025-09-03 16:59:16,353201358042023,0.0,75.0
18,TN12AU6652,12.9437666,80.1840666,20.86,2025-09-03 16:46:18,353201357165957,0.0,88.0
42,TN870442,12.943801666666667,80.18416666666667,20.87,2025-09-03 23:58:56,7409,0.0,301.65
109,TN87E7178,12.943835,80.1844283,20.89,2025-09-03 21:20:08,353201357659801,0.0,281.0
123,TN87F2637,12.9438033,80.1844933,20.9,2025-09-03 20:55:05,353201357177499,0.0,298.0
37,TN21BY1608,13.044723333333334,80.19287333333334,20.9,2025-09-03 18:45:07,7401,0.13,194.17
14,TN05CT5474,13.0444169,80.1962852,21.26,2025-09-03 23:58:59,868597033157401,0.0,0.0
3,TN01BM4432,13.044438,80.196411,21.27,2025-09-03 23:58:48,865933032610640,0.0,0.0
75,TN878037,13.044748333333333,80.19631833333334,21.27,2025-09-03 23:58:55,7718,0.0,273.05
13,TN05CS6207,13.044316,80.196472,21.28,2025-09-03 23:34:24,865933032839280,0.0,0.0
68,TN872442,13.044093333333333,80.19661,21.29,2025-09-03 23:58:54,7475,0.0,110.67
45,TN870478,13.044591666666667,80.1965,21.29,2025-09-03 23:58:51,7418,0.0,311.11
61,TN872315,13.044265,80.19657,21.29,2025-09-03 23:59:00,7456,0.0,92.9
47,TN871039,13.0440831,80.1966667,21.29,2025-09-03 23:59:00,868597033239373,0.0,0.0
29,TN12BC9632,13.0442749,80.1966583,21.3,2025-09-03 18:59:25,353201357169975,0.0,229.0
88,TN87A3929,13.0442166,80.1966857,21.3,2025-09-03 23:52:12,868597033239274,0.0,289.33
85,TN87A3310,13.0441832,80.1967048,21.3,2025-09-03 23:51:28,864547034540216,0.0,35.65
46,TN871030,13.0446839,80.1965999,21.3,2025-09-03 23:51:34,864547034532494,0.0,0.0
54,TN872284,13.044311666666667,80.19666,21.3,2025-09-03 23:58:58,7436,0.0,217.77
38,TN21BY1625,13.04412,80.19681666666666,21.31,2025-09-03 22:50:26,7406,0.0,176.99
36,TN21BY1581,13.044686666666667,80.19677166666666,21.32,2025-09-03 23:58:42,7408,0.0,178.25
95,TN87B0871,13.1002998,80.1939296,23.0,2025-09-03 23:49:44,868597033244001,0.0,368.88
90,TN87B0813,13.1002831,80.1939678,23.01,2025-09-03 23:58:47,864547034636196,0.0,192.74
55,TN872290,13.100385,80.19409166666667,23.02,2025-09-03 23:58:58,7345,0.0,68.6
78,TN878780,13.1004667,80.1939964,23.02,2025-09-03 23:44:33,864547034496146,0.0,323.8
50,TN872260,13.1005668,80.1939868,23.02,2025-09-03 23:57:09,868597033267424,0.0,102.39
92,TN87B0838,13.1004667,80.1939964,23.02,2025-09-03 23:58:04,868597033279874,0.0,142.61
16,TN12AU6620,13.1003866,80.1941916,23.03,2025-09-03 17:01:05,353201357170684,0.0,97.0
57,TN872297,13.1005835,80.1940727,23.03,2025-09-03 23:58:03,864547034449020,0.0,60.91
86,TN87A3352,13.1004977,80.1940727,23.03,2025-09-03 23:58:57,865006040264518,0.0,0.0
53,TN872283,13.10045,80.1941013,23.03,2025-09-03 23:58:54,864547034566997,0.0,0.0
52,TN872274,13.1005835,80.1941299,23.04,2025-09-03 23:58:21,864547030400951,0.0,135.89
22,TN12AV1587,13.100405,80.194225,23.04,2025-09-03 16:59:43,353201357170585,0.0,91.0
15,TN07CR5396,13.049873,80.212211,23.07,2025-09-03 23:58:32,865933032050367,0.0,0.0
2,TN01BF0959,12.938811,80.204841,23.16,2025-09-03 23:58:05,865933032839082,0.0,0.0
89,TN87A6501,13.135563333333334,80.17550333333334,23.37,2025-09-03 23:58:34,12067,0.0,0.0
111,TN87E7215,13.1356316,80.1755116,23.37,2025-09-03 20:53:19,353201357700787,0.0,175.0
105,TN87E1253,13.1359064,80.1755619,23.39,2025-09-03 23:58:57,868960069622021,0.0,262.92
10,TN02BR5457,13.046386,80.219055,23.72,2025-09-03 23:58:28,865933031986579,0.0,0.0
28,TN12BC6886,12.9800899,80.22716,24.44,2025-09-03 18:55:53,353201357123444,0.0,294.0
74,TN878022,12.9802,80.227251,24.45,2025-09-03 23:55:36,864547030175348,0.0,182.73
40,TN870261,12.9803668,80.2274703,24.47,2025-09-03 23:58:09,865826046452019,0.0,197.33
1,TN01BB8556,13.079708,80.233413,26.13,2025-09-03 23:58:32,865933032839918,0.0,0.0
11,TN02BZ1118,13.079536,80.233543,26.13,2025-09-03 23:58:35,865933032043503,0.0,0.0
9,TN01BU2283,13.080095,80.233612,26.16,2025-09-03 23:58:53,865933032838860,0.0,0.0
104,TN87D9884,13.1837666,80.1933097,28.31,2025-09-03 23:57:23,868597033243458,0.0,248.41
107,TN87E7125,13.1836633,80.1935533,28.32,2025-09-03 21:41:15,353201358117411,0.0,287.0
25,TN12AZ5163,13.18387,80.1935733,28.34,2025-09-03 17:19:46,353201358047022,0.0,335.0
32,TN12BH6991,12.914443333333333,80.25004166666666,28.7,2025-09-03 17:54:45,12062,0.0,0.0
41,TN870268,12.9147505,80.2503395,28.72,2025-09-03 23:58:59,864547034463039,0.0,93.78
63,TN872415,13.1174337,80.26268,30.57,2025-09-03 23:51:21,864547034570718,0.0,228.32
81,TN87A1770,13.117626666666666,80.26271666666666,30.58,2025-09-03 23:58:56,11991,0.0,0.0
21,TN12AU7417,13.1178133,80.262755,30.59,2025-09-03 17:53:34,353201357160883,0.0,96.0
83,TN87A1806,13.1177163,80.2628135,30.59,2025-09-03 19:58:42,869943058935801,0.0,345.41
35,TN21BY1580,13.1178498,80.2627468,30.59,2025-09-03 23:59:00,868597033243466,0.0,361.56
60,TN872304,13.117905,80.26275833333334,30.59,2025-09-03 23:58:36,7451,0.0,156.09
73,TN878020,13.11792,80.26277333333333,30.6,2025-09-03 23:58:34,8820,0.0,274.46
20,TN12AU6687,13.1179083,80.262915,30.61,2025-09-03 18:27:02,353201357706339,0.0,87.0
43,TN870450,13.117846666666669,80.26298333333334,30.61,2025-09-03 23:58:54,7411,0.0,330.69
82,TN87A1783,13.1179332,80.262947,30.61,2025-09-03 23:58:20,868597033244480,0.0,0.0
33,TN12BH9903,13.1179833,80.2629661,30.62,2025-09-03 17:21:14,869943058990699,0.0,0.0
34,TN12BH9976,13.11797,80.262965,30.62,2025-09-03 16:54:37,12064,0.0,0.0
58,TN872299,13.11791,80.26309,30.63,2025-09-03 23:58:51,7602,0.0,0.0
51,TN872261,13.118011666666666,80.26303666666666,30.63,2025-09-03 23:58:30,7449,0.0,90.19
69,TN872445,13.1181168,80.2630996,30.64,2025-09-03 23:58:06,864547034457395,0.0,116.54
103,TN87D9875,13.262093,80.1569366,32.71,2025-09-03 23:58:52,868960069681498,0.0,0.0
66,TN872436,12.8751492,79.692254,36.86,2025-09-03 23:58:53,868597033157161,0.0,247.27
65,TN872433,12.87527,79.69214666666667,36.86,2025-09-03 23:58:33,7609,0.0,200.29
100,TN87D6684,12.6769149,79.9778461,37.0,2025-09-03 23:58:22,865006042335670,0.0,174.95
26,TN12BC5420,12.676835,79.9780266,37.01,2025-09-03 23:58:51,353201357161337,0.0,249.0
101,TN87D7331,12.6768422,79.9781274,37.01,2025-09-03 23:58:56,868960069617146,0.0,306.87
49,TN871121,13.3375835,79.9016666,38.19,2025-09-03 23:59:00,865826046580777,0.0,275.33
64,TN872430,13.0996835,79.655199,39.06,2025-09-03 23:58:22,865826046640860,0.0,160.06
98,TN87B0896,13.0997335,79.6550846,39.07,2025-09-03 23:58:58,864547034457387,0.0,0.0
23,TN12AX8409,13.190025,80.314485,39.25,2025-09-03 18:33:24,353201358117163,0.0,259.0
67,TN872437,13.18993,80.31471166666667,39.27,2025-09-03 23:58:36,7484,0.0,165.32
62,TN872412,13.2824337,80.2512645,40.57,2025-09-03 23:50:00,868597033180585,0.0,229.27
115,TN87E7747,13.2825549,80.2515183,40.6,2025-09-03 23:58:54,353201357112496,0.0,169.0
27,TN12BC5486,13.282755,80.2515533,40.62,2025-09-03 23:13:58,353201358200613,0.0,165.0
84,TN87A2630,12.9789829,79.6258687,41.05,2025-09-03 18:56:52,868597033157922,0.0,262.8
97,TN87B0891,12.9789829,79.6258306,41.05,2025-09-03 23:58:59,864547034449467,0.0,0.0
24,TN12AX8433,12.772105,79.6795916,43.87,2025-09-03 19:11:27,353201358051628,0.0,285.0
91,TN87B0828,12.7720999,79.6795797,43.88,2025-09-03 17:31:52,864547030043298,0.0,314.87
71,TN872457,12.7718496,79.6796655,43.88,2025-09-03 23:52:50,864547034434436,0.0,157.68
70,TN872455,12.7719497,79.6795511,43.89,2025-09-03 23:58:37,868597033239290,0.0,104.98
30,TN12BE3584,13.1825499,79.61093,46.7,2025-09-03 20:00:57,353201358042817,0.0,304.0
99,TN87D6651,12.6683163,79.5406055,62.86,2025-09-03 23:57:41,864547030315761,0.0,180.7
118,TN87F1102,12.488375,79.596445,72.78,2025-09-03 23:58:56,353201357748091,0.0,223.0
116,TN87E9736,12.9130483,79.3227833,74.53,2025-09-03 22:49:11,353201357165437,0.0,264.0
122,TN87F2619,12.6900783,79.2961516,84.47,2025-09-03 22:46:20,353201357165874,0.0,135.0
76,TN878042,0.0,0.0,8924.79,2025-09-03 23:58:59,864547034594908,0.0,0.0
