cluster_number,original_lat,original_lon,snapped_lat,snapped_lon,route_name,route_type,route_id,snap_distance_meters,num_students
0,13.08562864874446,80.24448834530527,13.084875,80.244895,Highway_unknown,highway,,94.67,16
1,13.084765854676442,80.25014513109575,13.084513333333334,80.25022833333334,Highway_unknown,highway,,29.49,3
3,12.844714772338952,79.70024391603759,12.8440165,79.699769,Highway_unknown,highway,,93.16,10
4,12.844475435656593,79.69683044223987,12.8447664,79.6969509,Highway_unknown,highway,,34.89,13
5,12.937212622756848,80.14612349387458,12.9410116,80.1472716,Highway_unknown,highway,,440.37,9
6,12.93973436175006,80.15121313426313,12.9402683,80.150795,Highway_unknown,highway,,74.69,23
7,13.061561065280824,80.14691256306392,13.06185,80.1468181,Highway_unknown,highway,,33.72,5
8,13.061538368769936,80.15268552324261,13.0611157,80.1526641,Highway_unknown,highway,,47.06,13
9,13.093137033709407,79.65973230337325,13.0930516,79.659435,Highway_unknown,highway,,33.57,32
10,13.09867780808302,79.65524680131699,13.0991828,79.6554183,Highway_unknown,highway,,59.14,17
12,13.130696573678614,80.1316489273865,13.1307339,80.1316547,Highway_unknown,highway,,4.2,41
15,13.123644027919914,79.91146337285997,13.1237733,79.9113133,Highway_unknown,highway,,21.7,40
16,13.12643656046641,79.91784894256408,13.123883,79.9116802,Highway_unknown,highway,,725.86,6
17,13.12136524425087,79.91789536807288,13.1226016,79.9118883,Highway_unknown,highway,,664.88,3
18,12.980743563749575,80.2290281668474,12.9807866,80.2290316,Highway_unknown,highway,,4.8,12
19,12.984573534435112,80.22286715158843,12.9842996,80.2227878,Highway_unknown,highway,,31.65,15
20,13.084411662876423,80.2038748900361,13.085134,80.2041435,Highway_unknown,highway,,85.43,12
21,13.084933126234525,80.20966716002349,13.0849003,80.2096652,Highway_unknown,highway,,3.66,30
22,13.0855985980953,80.21450717686427,13.084867,80.2143478,Highway_unknown,highway,,83.16,3
23,12.964827183246555,79.94684999746458,12.9649829,79.945383,Highway_unknown,highway,,159.9,2
24,12.895879117293717,80.07005753206835,12.895895,80.0703516,Highway_unknown,highway,,31.92,2
25,13.211242444323124,80.2717986866048,13.2114183,80.2714483,Highway_unknown,highway,,42.67,7
26,13.200253424858223,80.17418115601117,13.2038402,80.175476,Highway_unknown,highway,,422.75,3
27,13.031240273189445,80.21576108610199,13.031268333333331,80.21573166666667,Highway_unknown,highway,,4.46,12
28,13.036784795308744,80.2162829372938,13.036881666666666,80.21234833333334,Highway_unknown,highway,,426.37,15
29,13.119762201876762,80.06492298595569,13.1208157,80.0652885,Highway_unknown,highway,,123.65,14
30,13.04613561168966,80.07925960298103,13.0469334,80.0792121,Highway_unknown,highway,,88.86,13
31,13.146464228954606,80.24083351810242,13.1465327,80.2402687,Highway_unknown,highway,,61.63,15
32,13.140744945295854,80.23561663428015,13.14154,80.23717,Highway_unknown,highway,,190.02,5
34,12.691013697215062,79.98063202939878,12.6910066,79.9807033,Highway_unknown,highway,,7.77,3
35,13.333607215414087,79.89139198498683,13.3336162,79.8915624,Highway_unknown,highway,,18.47,11
36,13.084173761196556,80.27787704780697,13.083945,80.2760616,Highway_unknown,highway,,198.27,2
37,12.793785871110336,79.81879509758694,12.7937829,79.8178625,Highway_unknown,highway,,101.13,9
39,13.124863137898457,80.20542401261257,13.12504,80.2051849,Highway_unknown,highway,,32.52,14
40,13.122745759208732,80.20198019423668,13.1231164,80.2017021,Highway_unknown,highway,,51.04,21
41,13.128283973425738,80.1993887688046,13.123813333333333,80.20119666666666,Highway_unknown,highway,,534.27,5
43,12.969679155943188,80.18452348029228,12.9709149,80.1846716,Highway_unknown,highway,,138.34,13
44,12.970172575242843,80.19072486753566,12.9690466,80.1898433,Highway_unknown,highway,,157.48,12
45,13.158466074482025,80.30185331324823,13.1583283,80.302,Highway_unknown,highway,,22.07,9
46,13.1641428973835,80.30054675957483,13.1639433,80.30339,Highway_unknown,highway,,308.65,18
47,13.033581029323624,80.15991697930095,13.034008333333333,80.16006833333333,Highway_unknown,highway,,50.26,11
48,13.032835916365316,80.16409990834681,13.032295,80.16363666666666,Highway_unknown,highway,,78.33,15
49,13.02784549524757,80.16955945429521,13.0285167,80.1700973,Highway_unknown,highway,,94.69,8
50,13.075254144515863,80.1771690807766,13.0780066,80.1773766,Highway_unknown,highway,,306.88,8
51,13.07826098449398,80.18054643635614,13.0783283,80.1804716,Highway_unknown,highway,,11.03,37
52,13.077078355560763,80.18564540699519,13.0810699,80.1845683,Highway_unknown,highway,,458.92,5
53,13.080686300144237,80.18034148797747,13.0805366,80.1803683,Highway_unknown,highway,,16.9,18
54,13.081121518723815,80.18377684887854,13.0810266,80.1837316,Highway_unknown,highway,,11.64,17
55,13.296174508111497,80.14995569955488,13.2958149,80.1480388,Highway_unknown,highway,,211.25,4
56,13.006180238044465,80.24646306087902,13.00648,80.24652333333333,Highway_unknown,highway,,33.97,5
57,13.10012990132535,80.1090272263335,13.1001583,80.108305,Highway_unknown,highway,,78.28,20
58,13.1042611,80.1037721,13.1041669,80.1083278,Highway_unknown,highway,,493.49,8
59,13.094174324553052,80.10758362865721,13.0942559,80.1083946,Highway_unknown,highway,,88.3,13
60,12.982750919400674,80.12776977810755,12.9831933,80.12781,Highway_unknown,highway,,49.38,23
61,12.980408029757072,80.12198509720199,12.981288333333334,80.12054666666667,Highway_unknown,highway,,184.05,4
62,12.916998068689342,80.10793786687701,12.917365,80.1077533,Highway_unknown,highway,,45.44,3
66,13.052695260646052,80.27399792929087,13.0529183,80.2737266,Highway_unknown,highway,,38.46,15
67,13.052293304294832,80.2694629191832,13.0533766,80.2695566,Highway_unknown,highway,,120.88,11
68,13.115483812229256,80.24613336665568,13.115585,80.2442449,Highway_unknown,highway,,204.82,5
69,13.11026716578728,80.24932373985433,13.108617,80.2495002,Highway_unknown,highway,,184.48,13
70,12.864985365305255,80.07585626783121,12.8653283,80.0749116,Highway_unknown,highway,,109.27,17
71,12.863278389194816,80.06467888868485,12.85938,80.0716566,Highway_unknown,highway,,871.82,3
72,13.123923387244435,80.29513949307307,13.1241883,80.294415,Highway_unknown,highway,,83.8,2
73,13.124247701629676,80.28865441382548,13.1229716,80.29414,Highway_unknown,highway,,610.75,29
75,12.804417553972115,79.71189386814882,12.8101503,79.7127819,Highway_unknown,highway,,644.68,6
76,12.81253259038976,79.70643661332753,12.8103995,79.7066211,Highway_unknown,highway,,238.03,29
77,13.079926715879322,79.90776674286467,13.079915,79.9088573,Highway_unknown,highway,,118.13,22
78,13.088903469711177,79.90923886897667,13.0918049,79.9077987,Highway_unknown,highway,,358.35,2
79,13.052138779062624,80.11212416634488,13.051835,80.11265666666667,Highway_unknown,highway,,66.84,16
80,13.04683852580651,80.11135062450093,13.046733333333334,80.111845,Highway_unknown,highway,,54.82,16
82,13.100911364833577,80.17890220736277,13.097935,80.178875,Highway_unknown,highway,,330.97,15
83,13.06819953378494,80.22573270084708,13.0685899,80.2260283,Highway_unknown,highway,,53.94,30
84,13.066565526176266,80.23114401155979,13.0665838,80.2311038,Highway_unknown,highway,,4.81,2
85,13.071945240985544,80.23189135413152,13.0746933,80.2307666,Highway_unknown,highway,,328.96,6
87,13.132501985722536,80.1710024005961,13.13215,80.171055,Highway_unknown,highway,,39.55,27
88,13.131357083964115,80.18076216138698,13.13645,80.1817512,Highway_unknown,highway,,576.34,3
89,13.13280844261515,80.16586941600241,13.1321001,80.1661014,Highway_unknown,highway,,82.67,9
91,13.036247826376728,80.17907191029806,13.041935,80.17912666666666,Highway_unknown,highway,,632.41,13
92,13.122006425521311,80.14780904627715,13.1220116,80.1477266,Highway_unknown,highway,,8.95,48
93,13.120474422939798,80.1441358893312,13.12303,80.1458483,Highway_unknown,highway,,339.32,7
94,13.115503773592197,80.14371548188902,13.115559,80.147834,Highway_unknown,highway,,446.05,2
95,13.1197467127834,80.1497487153445,13.119736,80.149826,Highway_unknown,highway,,8.45,19
96,13.124310103912194,80.14358939469318,13.1243483,80.1437183,Highway_unknown,highway,,14.59,4
98,12.92363665659328,79.87871414939916,12.9248666,79.8782205,Highway_unknown,highway,,146.86,3
99,12.953988506937216,80.15640523804267,12.9548833,80.15671,Highway_unknown,highway,,104.83,5
100,13.006711224366478,80.19935034560596,13.007456666666666,80.19940166666666,Highway_unknown,highway,,83.08,4
102,13.0396817653479,80.13061984009346,13.0397616,80.1305633,Highway_unknown,highway,,10.79,21
103,13.038664350912985,80.13361222723717,13.0386328,80.1335811,Highway_unknown,highway,,4.87,29
104,13.044114306467671,80.13300594609643,13.039911666666669,80.131025,Highway_unknown,highway,,514.23,8
105,13.170653977871556,80.09507168914664,13.1666166,80.09835,Highway_unknown,highway,,572.3,10
106,13.120714018160944,80.09328330233117,13.1193661,80.0933551,Highway_unknown,highway,,150.08,15
107,13.11700623500089,80.09689101215113,13.1171536,80.09696,Highway_unknown,highway,,18.01,22
108,13.119264308652957,80.09523796314362,13.1193583,80.0951583,Highway_unknown,highway,,13.55,11
109,12.915640376225223,80.23158309323674,12.9156994,80.2294826,Highway_unknown,highway,,227.75,2
110,12.9096616931119,80.14261330169226,12.9097466,80.14283,Highway_unknown,highway,,25.31,19
111,12.831077746904135,80.04555203125939,12.8308783,80.0458316,Highway_unknown,highway,,37.56,2
112,13.042080443924103,80.19406710442061,13.04234,80.1934816,Highway_unknown,highway,,69.68,13
113,13.037478895309754,80.19386446381642,13.0376083,80.19368,Highway_unknown,highway,,24.62,18
114,12.9222288317521,80.19805590976749,12.9224166,80.1973733,Highway_unknown,highway,,76.87,9
115,12.99756849821202,80.0966833299645,12.9975666,80.0964883,Highway_unknown,highway,,21.13,19
116,12.999915366666665,80.09165458333332,12.997255,80.09211833333333,Highway_unknown,highway,,300.06,5
117,13.154691389839256,80.19461688641859,13.1544516,80.1948866,Highway_unknown,highway,,39.54,8
118,13.0453155673959,80.05252754363867,13.0399167,80.0547599,Highway_unknown,highway,,647.2,6
119,13.145454735896855,79.90003524089674,13.144083,79.8991489,Highway_unknown,highway,,180.21,4
120,12.80452779774714,79.76662916153514,12.8046501,79.7664022,Highway_unknown,highway,,28.12,9
121,13.131051135242918,79.96537187936305,13.13045,79.964975,Highway_unknown,highway,,79.47,8
122,13.07809349206094,80.12400973069835,13.0777699,80.1251633,Highway_unknown,highway,,130.02,5
123,13.124450215286773,80.21223504773687,13.1281183,80.2105933,Highway_unknown,highway,,444.93,14
124,13.129222705476456,80.2151497652594,13.12921,80.215085,Highway_unknown,highway,,7.15,6
125,13.050409984231257,80.20161325731209,13.049751666666667,80.20387,Highway_unknown,highway,,255.18,13
126,13.055301565674652,80.20177486810867,13.054473333333334,80.20199333333333,Highway_unknown,highway,,95.09,17
127,13.080504086027563,80.16307724455683,13.0805325,80.1631164,Highway_unknown,highway,,5.29,21
128,13.081707586311222,80.16698542847341,13.0816674,80.1669502,Highway_unknown,highway,,5.88,34
129,13.089382510728385,80.16108586064831,13.0894672,80.161333,Highway_unknown,highway,,28.37,4
130,13.08428223640576,80.1620426884617,13.084285,80.1618699,Highway_unknown,highway,,18.72,3
133,13.033261653250037,80.23905309958269,13.030673333333333,80.23066666666666,Highway_unknown,highway,,953.01,3
134,13.02985615514777,80.2324480916978,13.029883333333334,80.23073333333333,Highway_unknown,highway,,185.79,9
135,12.951200953170844,80.25486511580222,12.951543333333332,80.25504333333333,Highway_unknown,highway,,42.69,3
137,13.103729196959094,80.20798097055048,13.1031835,80.2078723,Highway_unknown,highway,,61.81,3
138,13.105572130265635,80.2138913873791,13.1016838,80.2121353,Highway_unknown,highway,,472.34,7
140,12.934682450458126,80.12640354865346,12.9349549,80.1261316,Highway_unknown,highway,,42.27,12
142,13.092458228000943,80.14528198405918,13.097393333333333,80.14528,Highway_unknown,highway,,548.76,9
143,13.09762194248273,80.14679662321358,13.097525,80.14678166666667,Highway_unknown,highway,,10.9,19
145,13.022952553163368,80.15794092871892,13.0281329,80.1511669,Highway_unknown,highway,,932.93,3
146,13.027764305485722,80.15226695006419,13.028233,80.1512336,Highway_unknown,highway,,123.48,19
147,12.973067803931723,80.137186137983,12.9732183,80.1373083,Highway_unknown,highway,,21.34,22
148,12.970086200175276,80.14134512991693,12.971685,80.14173333333333,Highway_unknown,highway,,182.69,5
149,13.131313912474663,80.25117567917522,13.131038333333333,80.25150333333333,Highway_unknown,highway,,46.88,8
150,13.128851187166584,80.25395749448046,13.1315033,80.2523899,Highway_unknown,highway,,340.27,10
151,13.16436056574509,80.25691042753155,13.1638433,80.256895,Highway_unknown,highway,,57.54,17
153,13.11818302966218,80.22038515979355,13.120655,80.224055,Highway_unknown,highway,,483.21,12
154,13.087473629576946,80.1892732260702,13.0874502,80.1892852,Highway_unknown,highway,,2.91,19
155,13.08825662955454,80.18547798594385,13.0879497,80.1855659,Highway_unknown,highway,,35.43,16
156,13.083728240353226,80.18796221472678,13.0837433,80.1877166,Highway_unknown,highway,,26.65,22
157,12.913982217107971,80.15385647009258,12.9146033,80.1539566,Highway_unknown,highway,,69.91,15
158,12.907075067206152,80.157147111612,12.9074716,80.1573683,Highway_unknown,highway,,50.19,9
159,13.150695596503082,80.06610247566726,13.1523933,80.0671033,Highway_unknown,highway,,217.67,8
160,13.028533173028292,79.80263708559153,13.0292999,79.8023128,Highway_unknown,highway,,92.21,3
161,13.18000078773541,80.3084610094912,13.180105,80.30763,Highway_unknown,highway,,90.71,6
163,13.099951333871257,79.86233769960702,13.0999076,79.8616266,Highway_unknown,highway,,77.17,2
164,13.319778295469938,80.18258402768562,13.3199703,80.1825904,Highway_unknown,highway,,21.36,12
165,13.114695788380953,80.28323769957001,13.11291,80.2922533,Highway_unknown,highway,,996.33,33
169,12.90802181944211,80.06506520564051,12.9059616,80.0719283,Highway_unknown,highway,,778.34,6
171,12.92188450084726,80.0925880581509,12.92162,80.0925933,Highway_unknown,highway,,29.42,21
172,12.919232776947936,80.08754661660392,12.9197833,80.0873683,Highway_unknown,highway,,64.19,16
173,12.915920207921458,80.09396418609629,12.9214566,80.0923933,Highway_unknown,highway,,638.73,4
174,13.086488975913028,79.66661896197321,13.0851829,79.6656799,Highway_unknown,highway,,177.3,12
175,12.988172040771492,80.20406996762893,12.9894828,80.1981163,Highway_unknown,highway,,661.34,20
176,13.25336594894388,80.15708967358825,13.2585334,80.1556491,Highway_unknown,highway,,595.37,4
178,13.097496651982844,80.23895176178284,13.0977666,80.2389717,Highway_unknown,highway,,30.09,16
179,13.098380894626128,80.23416053890848,13.0984997,80.2341556,Highway_unknown,highway,,13.22,22
180,13.098970409477948,80.23055346357573,13.0994498,80.2307987,Highway_unknown,highway,,59.56,6
181,13.05856980209076,79.95999957294055,13.0543339,79.958868,Highway_unknown,highway,,486.7,3
183,12.988363705160484,80.18561523244405,12.9882566,80.1852599,Highway_unknown,highway,,40.3,20
184,13.023950524054548,80.22850884024281,13.024575,80.22868333333334,Highway_unknown,highway,,71.97,15
185,13.019156053431724,80.22249207406675,13.019175,80.22435166666666,Highway_unknown,highway,,201.47,10
186,12.871651567075183,79.7174494370569,12.871083,79.7173023,Highway_unknown,highway,,65.2,4
187,12.966471334093931,80.2572122213316,12.966738333333334,80.256945,Highway_unknown,highway,,41.47,12
188,13.05278491218335,80.22704136886473,13.052833,80.2276515,Highway_unknown,highway,,66.31,19
189,13.14685379005606,80.10487277229501,13.1467883,80.1043483,Highway_unknown,highway,,57.26,13
190,12.836209580392376,79.70649292489443,12.8365671,79.7064352,Highway_unknown,highway,,40.24,21
191,12.831089101435849,79.70450119413626,12.8311836,79.703598,Highway_unknown,highway,,98.48,11
192,13.070638401148267,80.03304723607506,13.070803333333334,80.033465,Highway_unknown,highway,,48.82,5
194,12.817759002995745,79.73278679184773,12.818358333333334,79.73206833333333,Highway_unknown,highway,,102.52,17
195,13.024880171839442,80.17735156137998,13.02469,80.1772066,Highway_unknown,highway,,26.34,11
196,13.019567191941478,80.1836462526036,13.020751666666667,80.18395833333334,Highway_unknown,highway,,135.98,11
197,13.067562693840634,80.17397861413444,13.066663333333333,80.17453,Highway_unknown,highway,,116.48,12
198,13.063374353580626,80.1718843420395,13.0642664,80.1714611,Highway_unknown,highway,,109.27,11
199,12.950830576656562,80.12895330123813,12.957766,80.1275062,Highway_unknown,highway,,786.97,5
200,12.958424546239453,80.12789007861996,12.9580683,80.1281066,Highway_unknown,highway,,46.04,17
201,13.097590326135588,80.24986522747623,13.0976498,80.2498817,Highway_unknown,highway,,6.85,12
202,13.104117423214568,80.25459762164775,13.1042838,80.2532386,Highway_unknown,highway,,148.34,19
203,13.05171195778506,80.1918097104941,13.0517661,80.1920127,Highway_unknown,highway,,22.8,13
204,13.05041023009336,80.19670469545655,13.050208333333334,80.19627,Highway_unknown,highway,,52.17,15
205,12.964940653571867,80.19688984942572,12.9679916,80.1894266,Highway_unknown,highway,,876.99,29
206,12.97109079447148,80.19736941684474,12.9690066,80.1898749,Highway_unknown,highway,,844.51,7
209,13.01630541156933,80.0030909196266,13.015475,80.00335833333334,Highway_unknown,highway,,96.78,8
210,13.06337884357555,80.24311400853696,13.0630899,80.2434033,Highway_unknown,highway,,44.88,15
211,12.924229368029405,80.13645232530244,12.9225733,80.1366583,Highway_unknown,highway,,185.49,11
212,13.03002513906884,79.91790718996731,13.0281519,79.9193286,Highway_unknown,highway,,259.03,2
213,13.107028933145484,80.13245796237159,13.106651,80.131668,Highway_unknown,highway,,95.32,18
214,13.112347904566596,80.12676465503692,13.1095004,80.1247596,Highway_unknown,highway,,383.93,6
215,12.935444937669365,80.1813440550582,12.9354833,80.1824383,Highway_unknown,highway,,118.66,15
217,13.177606985384893,80.19773754321302,13.1769824,80.1958847,Highway_unknown,highway,,212.28,6
218,13.068902573747334,80.21557572667778,13.0689668,80.2153205,Highway_unknown,highway,,28.55,16
219,13.072258716708664,80.21685104081311,13.0724167,80.2156162,Highway_unknown,highway,,134.9,23
220,13.071329732998665,80.21106482157187,13.0687332,80.2143669,Highway_unknown,highway,,459.65,15
221,13.096605020267951,80.2906441443702,13.0960016,80.2928249,Highway_unknown,highway,,245.53,19
222,13.096075702996131,80.26627305505791,13.096446666666669,80.26876333333334,Highway_unknown,highway,,272.84,5
223,13.089182043814755,80.26422911651454,13.088955,80.26382833333334,Highway_unknown,highway,,50.22,24
224,13.107432440559029,79.91005256770565,13.1107399,79.91053,Highway_unknown,highway,,371.39,13
225,13.11196955385672,79.91198590629243,13.1129169,79.9124002,Highway_unknown,highway,,114.5,10
226,13.158008154400852,80.22710267694004,13.1577837,80.2260971,Highway_unknown,highway,,111.7,17
227,12.82248546536538,79.69799564838166,12.8220499,79.698534,Highway_unknown,highway,,75.85,16
228,12.823806284164448,79.7028497550364,12.8244849,79.7013916,Highway_unknown,highway,,175.18,10
229,13.106110381863632,80.18554197663963,13.1057667,80.1860809,Highway_unknown,highway,,69.76,11
230,13.10911652209303,80.18294154831018,13.10844,80.18332666666667,Highway_unknown,highway,,86.01,39
231,13.11296195907075,80.18858522352224,13.107984,80.1861,Highway_unknown,highway,,615.49,6
232,13.091049332259455,80.10624968373935,13.0910992,80.1084709,Highway_unknown,highway,,240.63,13
233,13.083102188902611,80.10805839495872,13.0832004,80.1087379,Highway_unknown,highway,,74.4,9
234,13.088454532456009,80.10996134536907,13.0883836,80.1086616,Highway_unknown,highway,,140.99,22
235,13.134864691637482,79.91799001611827,13.13698,79.91807,Highway_unknown,highway,,235.37,17
236,13.125902701472604,80.15349458052727,13.1260335,80.1532363,Highway_unknown,highway,,31.52,17
237,13.120831801083751,80.15599947848602,13.1249216,80.1525033,Highway_unknown,highway,,591.74,16
240,13.030817516560232,79.85532981081812,13.0315506,79.8557376,Highway_unknown,highway,,92.72,6
242,13.111531044214043,80.10933686953845,13.111484,80.1086521,Highway_unknown,highway,,74.34,32
243,13.110985199631502,80.10584075401756,13.1114199,80.1085716,Highway_unknown,highway,,299.66,6
244,13.10567402824156,80.1085840334069,13.1056499,80.1084804,Highway_unknown,highway,,11.54,6
246,13.166044771193947,80.24631030290655,13.1668496,80.2463817,Highway_unknown,highway,,89.83,13
248,12.924280965242168,80.16031991689044,12.9233066,80.160045,Highway_unknown,highway,,112.37,14
249,12.919874359585467,80.16936757295687,12.9202366,80.1694233,Highway_unknown,highway,,40.73,5
250,13.057894239565703,80.11983497945654,13.055936666666666,80.11856,Highway_unknown,highway,,257.79,10
252,13.069684962029331,80.26493037246452,13.0720449,80.2672333,Highway_unknown,highway,,362.05,12
253,13.061801350835973,80.16398581607488,13.0613636,80.1640701,Highway_unknown,highway,,49.52,29
254,13.05715098,80.16381816,13.0602169,80.1620197,Highway_unknown,highway,,392.65,5
255,13.084240083623532,80.23445839082832,13.083263333333331,80.23386666666667,Highway_unknown,highway,,126.11,9
256,13.088217179974627,80.22744641134335,13.0898833,80.2289199,Highway_unknown,highway,,244.52,24
257,13.112277209562494,80.23808133407346,13.11212,80.2379016,Highway_unknown,highway,,26.16,17
258,13.113438934975134,80.23354687019271,13.1144549,80.2340416,Highway_unknown,highway,,125.03,15
259,12.933670058973878,80.2074030829083,12.9341216,80.2040116,Highway_unknown,highway,,370.96,12
260,13.041259622065889,80.22408889368525,13.0469501,80.2251338,Highway_unknown,highway,,642.8,20
261,13.045880395193958,80.21923576541361,13.0461016,80.2186383,Highway_unknown,highway,,69.24,13
262,13.010511763736709,80.12023468436752,13.0099666,80.1201152,Highway_unknown,highway,,61.99,16
263,13.010741307562958,80.11439140159081,13.010683,80.1144504,Highway_unknown,highway,,9.1,5
264,13.13519688532042,80.29369599581862,13.1341633,80.29715,Highway_unknown,highway,,391.28,17
267,13.009056949839982,80.1303594640507,13.0117666,80.1295185,Highway_unknown,highway,,314.77,9
268,13.013474794534291,80.13729512671249,13.0154824,80.1364517,Highway_unknown,highway,,241.21,10
270,13.094114468279038,80.1983573368261,13.0941083,80.1986966,Highway_unknown,highway,,36.75,17
271,13.094036295268433,80.19409584081642,13.0938839,80.1932811,Highway_unknown,highway,,89.85,15
272,13.031737031562136,80.11053571007203,13.0317583,80.111135,Highway_unknown,highway,,64.96,9
273,13.02610941031874,80.11035125269322,13.0262066,80.1100683,Highway_unknown,highway,,32.5,14
274,12.810008842401407,80.02897106212144,12.8095516,80.0294433,Highway_unknown,highway,,72.16,6
275,12.951372001930798,79.93979663717609,12.9517388,79.9395084,Highway_unknown,highway,,51.37,11
276,12.955832542763089,79.94324383753835,12.9563164,79.9429321,Highway_unknown,highway,,63.53,11
277,13.120488045423588,80.08315164241753,13.118905,80.08307166666667,Highway_unknown,highway,,176.24,15
278,12.844796710423374,80.06351730871621,12.846235,80.0619016,Highway_unknown,highway,,237.19,8
279,13.12499317725195,80.02696240936588,13.1245,80.02580833333333,Highway_unknown,highway,,136.48,15
282,12.932703716619486,79.90932245444068,12.9337334,79.9087667,Highway_unknown,highway,,129.37,5
283,13.124525996900994,80.24814392357041,13.124453333333332,80.24857,Highway_unknown,highway,,46.84,14
285,13.03615743736779,80.15173106110413,13.0362331,80.1517009,Highway_unknown,highway,,9.03,14
286,13.036959824452618,80.15780502066075,13.0368233,80.1578216,Highway_unknown,highway,,15.29,15
287,13.016956599709092,79.6754404564449,13.0203175,79.677515,Highway_unknown,highway,,436.09,2
288,13.017709576611054,79.73014586087444,13.0162499,79.72973,Highway_unknown,highway,,168.45,4
289,12.904682353436012,80.0929655343877,12.9039116,80.09442,Highway_unknown,highway,,179.44,11
290,12.91040816626398,80.09614826718015,12.9087566,80.0981066,Highway_unknown,highway,,280.67,9
291,13.029589321720872,80.20854337201163,13.02952,80.20874833333333,Highway_unknown,highway,,23.5,20
292,13.031018441485855,80.2034212288609,13.034803333333333,80.20465,Highway_unknown,highway,,441.41,12
295,13.041231072739029,80.20020615493164,13.0434233,80.20055,Highway_unknown,highway,,246.59,17
296,13.042156457651725,80.20472707019282,13.042093333333334,80.20539,Highway_unknown,highway,,72.16,15
297,13.035804024358864,80.20150936404903,13.0364566,80.2016316,Highway_unknown,highway,,73.76,13
298,13.128182015730673,80.12523096909807,13.1291353,80.1243972,Highway_unknown,highway,,139.24,21
299,13.126431682546604,80.11825581682838,13.1257164,80.1185798,Highway_unknown,highway,,86.93,11
300,13.055866034238967,80.06181222737608,13.0546583,80.061295,Highway_unknown,highway,,145.51,17
301,13.086475727091532,80.17929453249472,13.0880832,80.1793861,Highway_unknown,highway,,179.02,27
302,13.090848517533802,80.18191898493058,13.0881667,80.1817989,Highway_unknown,highway,,298.49,16
303,13.087389869878212,80.1826409361646,13.0880165,80.1825618,Highway_unknown,highway,,70.2,11
304,12.956221286496934,80.14382704736904,12.956455,80.1434916,Highway_unknown,highway,,44.68,17
305,12.959630005862802,80.1373137423292,12.9610816,80.1372066,Highway_unknown,highway,,161.83,5
306,13.09769062625282,80.21441532704834,13.0981659,80.2148342,Highway_unknown,highway,,69.65,19
307,13.066094825890923,79.67255014304182,13.0661783,79.6732516,Highway_unknown,highway,,76.54,7
308,13.13884079383286,80.20675789859938,13.1387329,80.2067661,Highway_unknown,highway,,12.03,19
309,13.1332334372813,80.20545899676588,13.1366169,80.2085494,Highway_unknown,highway,,503.52,20
310,12.925254748758215,80.10119995061419,12.9253533,80.1010416,Highway_unknown,highway,,20.36,18
311,12.915813859194428,80.07388174481683,12.9155633,80.07392,Highway_unknown,highway,,28.17,11
312,12.921057315898018,80.07877027669277,12.9214233,80.0767916,Highway_unknown,highway,,218.27,17
315,13.095326922872497,80.0059879970149,13.094408333333334,80.00644,Highway_unknown,highway,,113.27,7
316,12.872347224952522,79.69465252945697,12.8738331,79.6950006,Highway_unknown,highway,,169.48,3
319,13.085029331645943,80.25543337036679,13.085171666666668,80.25479833333333,Highway_unknown,highway,,70.58,25
320,13.091714922763812,80.25471608072732,13.0864,80.256125,Highway_unknown,highway,,610.37,9
321,13.06377518176994,80.22250810718069,13.068149,80.2264213,Highway_unknown,highway,,645.13,12
322,13.059210336578806,80.22101053829297,13.0531668,80.222845,Highway_unknown,highway,,700.77,12
324,13.041014815795965,80.12712061007186,13.0410993,80.127182,Highway_unknown,highway,,11.51,13
325,13.044064228883451,80.12353780777383,13.0429828,80.123043,Highway_unknown,highway,,131.65,22
326,13.10592292923788,80.28081167839927,13.1028383,80.2740233,Highway_unknown,highway,,811.25,15
327,13.101613305923484,80.2758271786752,13.1012583,80.2747266,Highway_unknown,highway,,125.56,11
330,13.086694149213558,80.05472802462049,13.0891716,80.0570869,Highway_unknown,highway,,375.71,3
333,12.739240898219787,79.99342576047026,12.7411916,79.9906983,Highway_unknown,highway,,366.82,3
334,13.07406005425872,80.19034014659188,13.0739498,80.1906204,Highway_unknown,highway,,32.74,15
335,13.07529459756048,80.19691191321157,13.0754494,80.1968955,Highway_unknown,highway,,17.3,7
337,13.03657886167858,79.8195372863741,13.0364334,79.8193979,Highway_unknown,highway,,22.13,5
338,13.109508700144488,80.29258622435842,13.1095399,80.2917983,Highway_unknown,highway,,85.4,10
339,13.114071901846266,80.29264443735295,13.11399,80.2925183,Highway_unknown,highway,,16.42,27
340,13.116547029682335,80.16464655143457,13.1167816,80.16436,Highway_unknown,highway,,40.54,11
341,13.19752515843909,80.15280305314066,13.1961917,80.1555919,Highway_unknown,highway,,336.36,5
342,13.15157482470269,80.29955180235476,13.1516049,80.2998099,Highway_unknown,highway,,28.15,19
343,13.14589330730882,80.29725208398335,13.145785,80.2974066,Highway_unknown,highway,,20.61,7
344,12.968123179208966,79.95266685229981,12.9676733,79.9537666,Highway_unknown,highway,,129.24,16
345,13.058680240218576,80.19502678460194,13.0588366,80.19505,Highway_unknown,highway,,17.57,26
346,13.062389765670655,80.19135423780665,13.0602169,80.1955986,Highway_unknown,highway,,519.36,10
347,13.062261760034534,80.19767753509166,13.06244,80.1970266,Highway_unknown,highway,,73.24,8
348,13.060677910651656,80.13560361664973,13.0607342,80.1354789,Highway_unknown,highway,,14.89,16
349,13.0669452608909,80.13845517553851,13.0658433,80.1375549,Highway_unknown,highway,,156.6,10
350,13.162450375821871,80.20192366762049,13.1626783,80.202835,Highway_unknown,highway,,101.88,13
351,13.133702154326205,80.16193363688976,13.131655,80.1626033,Highway_unknown,highway,,238.9,8
352,13.134302530310467,80.15441322787854,13.130065,80.1574833,Highway_unknown,highway,,576.67,8
353,13.130126969038985,80.15903980082379,13.13049,80.158795,Highway_unknown,highway,,48.29,36
354,12.98884047158966,80.25647470647912,12.9887,80.25582666666666,Highway_unknown,highway,,71.93,7
356,12.824130793466583,79.70985917231681,12.824028333333333,79.71060833333334,Highway_unknown,highway,,82.02,14
357,12.82162907521572,79.70688354304217,12.825436666666668,79.70898833333334,Highway_unknown,highway,,480.97,7
358,12.948715592038502,80.19774917268822,12.9485666,80.197695,Highway_unknown,highway,,17.58,8
359,13.192134182875856,80.18755093176661,13.1910116,80.1861783,Highway_unknown,highway,,194.07,17
361,12.98209371846997,79.96813863583486,12.9818149,79.9682633,Highway_unknown,highway,,33.82,4
363,13.03037884274138,80.21977060914489,13.032136666666666,80.22017166666667,Highway_unknown,highway,,200.23,13
364,13.030337188806888,80.22461115579793,13.030521666666669,80.224325,Highway_unknown,highway,,37.17,13
366,12.970981252776069,80.14532976814765,12.970886666666669,80.14533333333334,Highway_unknown,highway,,10.52,4
367,12.966736522865382,80.14886827365532,12.9667066,80.1489133,Highway_unknown,highway,,5.91,18
368,13.018754446553348,80.20627442585375,13.0187166,80.2062316,Highway_unknown,highway,,6.26,16
369,12.9915167548015,80.19942339104777,12.991867,80.1988029,Highway_unknown,highway,,77.7,15
370,12.9931784166084,80.19335709097048,12.9931664,80.1933479,Highway_unknown,highway,,1.67,11
371,12.936718144726148,80.13988800654255,12.942195,80.14193,Highway_unknown,highway,,647.96,15
372,12.942517153222031,80.13918951764212,12.9429533,80.1394816,Highway_unknown,highway,,57.91,16
373,13.132657207957346,79.91062820507237,13.1323003,79.9093151,Highway_unknown,highway,,147.63,22
375,13.008232171266013,80.00380429277354,13.0082383,80.0038783,Highway_unknown,highway,,8.05,20
377,12.966564564848335,80.20764075820199,12.96304,80.2158533,Highway_unknown,highway,,972.39,15
378,13.072440114101225,80.25387499559426,13.0787833,80.2534116,Highway_unknown,highway,,707.11,12
379,13.075654932189588,80.24443791435448,13.0777616,80.244065,Highway_unknown,highway,,237.71,10
381,12.96799071445612,80.0970218295165,12.9691516,80.0973133,Highway_unknown,highway,,132.89,2
382,13.116572423809185,80.26007176099232,13.118151666666666,80.260415,Highway_unknown,highway,,179.49,12
383,13.123804229251132,80.25980097255916,13.123888333333332,80.25924166666667,Highway_unknown,highway,,61.29,13
384,13.122284717355678,80.2088958725262,13.1260502,80.2070999,Highway_unknown,highway,,461.67,10
385,13.118741121954308,80.20699483516094,13.1242001,80.2037334,Highway_unknown,highway,,702.28,25
386,13.077648138362605,80.11151493748156,13.0774664,80.110836,Highway_unknown,highway,,76.26,15
388,13.114630973468303,80.15449504693397,13.11155,80.151305,Highway_unknown,highway,,486.53,17
389,13.110200229332335,80.15234792469849,13.110115,80.152229,Highway_unknown,highway,,15.99,19
390,13.063557557594487,80.27934602664595,13.062695,80.2741949,Highway_unknown,highway,,566.14,4
391,13.058482943272658,80.27427493908039,13.05863,80.2741899,Highway_unknown,highway,,18.77,27
392,13.063223327081,80.2725372133727,13.063195,80.2741199,Highway_unknown,highway,,171.46,12
393,13.110203848412624,79.95717846881752,13.10771,79.9569766,Highway_unknown,highway,,278.16,4
394,13.049709818911316,80.0926718460856,13.0510866,80.0894383,Highway_unknown,highway,,382.26,14
395,13.04906523905702,80.08799600046129,13.0489838,80.0879859,Highway_unknown,highway,,9.12,27
396,13.05336705,80.0887254,13.052791666666666,80.09005666666667,Highway_unknown,highway,,157.76,4
397,13.037072883738276,80.1390576163032,13.0370664,80.1391506,Highway_unknown,highway,,10.1,6
398,13.037434389336164,80.13478845863403,13.0380833,80.1350021,Highway_unknown,highway,,75.78,43
399,13.031552488379583,80.13747887199708,13.0371165,80.1388454,Highway_unknown,highway,,636.15,9
401,12.9438974410852,80.23695264371378,12.9438173,80.2373504,Highway_unknown,highway,,44.02,4
402,12.828232664441613,79.72316599236994,12.820523333333334,79.722525,Highway_unknown,highway,,860.05,10
403,12.85161671870311,79.94281762894866,12.8517031,79.94277,Highway_unknown,highway,,10.91,2
404,12.992272053444433,80.11127553662594,12.9937766,80.1129033,Highway_unknown,highway,,243.09,11
405,12.8758978903958,80.08089272714713,12.87647,80.079135,Highway_unknown,highway,,200.87,18
407,12.817913632623616,79.6929360872276,12.817925,79.6928983,Highway_unknown,highway,,4.29,29
408,12.82317661333762,79.69073598260717,12.8189826,79.6938037,Highway_unknown,highway,,572.81,7
409,12.92282710966967,80.14389782244173,12.9225149,80.143795,Highway_unknown,highway,,36.46,17
411,12.833288841813925,79.69351648535871,12.8395342,79.6985721,Highway_unknown,highway,,884.7,12
412,12.930717461544605,80.11250839039246,12.92972,80.1135216,Highway_unknown,highway,,156.07,17
413,13.127852449375345,80.23191141660561,13.1329333,80.2358341,Highway_unknown,highway,,706.84,5
414,13.120506796707176,80.23459927461748,13.1214332,80.2346229,Highway_unknown,highway,,103.04,19
415,13.082984054829652,80.17628853313259,13.0821283,80.1728533,Highway_unknown,highway,,384.04,10
416,13.082033435685664,80.16960372296548,13.0825006,80.1695442,Highway_unknown,highway,,52.34,14
417,13.07826907627973,80.17378120600974,13.0784533,80.1740316,Highway_unknown,highway,,33.99,8
418,13.083989785747326,80.1727017937352,13.0833033,80.1724816,Highway_unknown,highway,,79.97,37
419,13.073467879591906,80.12293936115509,13.073575,80.1231833,Highway_unknown,highway,,28.98,16
420,13.069224983681089,80.12512233569764,13.0685883,80.1248516,Highway_unknown,highway,,76.63,17
421,13.071327634315452,80.18550441510438,13.071296666666669,80.18553833333333,Highway_unknown,highway,,5.04,7
422,13.068636377948572,80.18081353973798,13.0691233,80.1806616,Highway_unknown,highway,,56.59,24
423,12.979470964784678,80.18848283422395,12.9812883,80.185515,Highway_unknown,highway,,379.8,10
424,12.976898434079551,80.18246741299036,12.9770333,80.1831983,Highway_unknown,highway,,80.6,13
425,12.981302701541342,80.18527532759462,12.9812016,80.185375,Highway_unknown,highway,,15.59,20
426,13.031219415693569,80.03782578740649,13.0323004,80.0369453,Highway_unknown,highway,,153.45,7
427,13.138247802958128,80.19687601035946,13.1415998,80.1947975,Highway_unknown,highway,,435.41,7
428,13.041859316112884,80.17993668556397,13.0420133,80.179915,Highway_unknown,highway,,17.28,16
429,13.046296998229945,80.18045385228453,13.0432331,80.1815223,Highway_unknown,highway,,359.81,6
430,13.099244767023842,80.18772442207003,13.0999004,80.1875495,Highway_unknown,highway,,75.32,20
431,13.057006882748754,80.2113700514952,13.057141666666666,80.21148166666667,Highway_unknown,highway,,19.26,21
432,13.056782898671065,80.217131321996,13.0521166,80.2191162,Highway_unknown,highway,,561.65,5
435,13.091136524915424,80.12570123878724,13.0914566,80.1240816,Highway_unknown,highway,,178.99,12
436,13.121183105889402,80.13393859873112,13.114544,80.131446,Highway_unknown,highway,,786.04,14
437,13.045249342356326,80.14642059314318,13.036445,80.14510666666666,Highway_unknown,highway,,989.29,12
440,12.873682067334018,79.74286707056145,12.8735661,79.7428131,Highway_unknown,highway,,14.16,3
441,13.087427226416928,80.1936464815769,13.0874323,80.1935386,Highway_unknown,highway,,11.7,39
442,13.086199908982026,80.1989041377108,13.0862966,80.1986083,Highway_unknown,highway,,33.8,9
443,13.08334403697505,80.1940071946476,13.0871665,80.1937675,Highway_unknown,highway,,425.83,7
444,13.144368977188282,80.24882783814165,13.1476783,80.24072,Highway_unknown,highway,,951.92,14
445,13.021091444324687,80.14523463407208,13.0212163,80.1446819,Highway_unknown,highway,,61.47,33
446,13.01552009500408,80.15050584390137,13.0207991,80.1443004,Highway_unknown,highway,,892.48,7
449,12.999394178231602,80.2081259465679,13.0011332,80.2081489,Highway_unknown,highway,,193.39,11
450,12.994202979769272,80.21481355411899,12.9952836,80.2168464,Highway_unknown,highway,,250.9,11
451,13.187098437887991,80.31144812560646,13.1850483,80.3110116,Highway_unknown,highway,,232.81,16
452,12.972813084442514,80.24454690714768,12.9728007,80.2445507,Highway_unknown,highway,,1.44,6
453,13.040671716828829,80.17299623878438,13.0409169,80.1729679,Highway_unknown,highway,,27.44,31
454,13.03903049357377,80.1690058621843,13.038946666666666,80.169045,Highway_unknown,highway,,10.24,6
455,13.043786554786289,80.17010680271042,13.0404996,80.1714992,Highway_unknown,highway,,395.39,4
456,12.850658788249072,79.69193911062374,12.8506338,79.6933984,Highway_unknown,highway,,158.23,13
459,13.14914096325557,80.23052322873336,13.1489157,80.2301883,Highway_unknown,highway,,44.08,16
460,13.06388410854608,80.21375506689178,13.0638337,80.2144813,Highway_unknown,highway,,78.86,23
461,13.065617863802338,80.20817310098988,13.0670666,80.2092552,Highway_unknown,highway,,199.22,9
464,13.10008244528782,80.15906989293427,13.1014001,80.1599788,Highway_unknown,highway,,176.51,14
466,13.115920039796183,80.10284728915579,13.1162381,80.1027584,Highway_unknown,highway,,36.65,28
467,13.121212003175868,80.10248377571419,13.1213333,80.1033216,Highway_unknown,highway,,91.73,7
468,13.12552341973266,80.00724838704953,13.124896666666666,80.00456,Highway_unknown,highway,,299.35,14
469,13.004083054422374,80.2583073227597,13.003895,80.25697333333333,Highway_unknown,highway,,146.03,10
471,13.057555225750498,79.91137853630089,13.0572032,79.9124431,Highway_unknown,highway,,121.78,3
472,13.010523880837464,80.1058840447647,13.0112833,80.1021283,Highway_unknown,highway,,415.57,6
473,13.092019712318375,80.22381965851055,13.0919671,80.2237129,Highway_unknown,highway,,12.96,12
474,13.097836698751822,80.22264471926184,13.0987334,80.2226829,Highway_unknown,highway,,99.79,18
475,13.11133809703634,80.22798954743948,13.1130826,80.2283477,Highway_unknown,highway,,197.82,13
476,13.114559184470671,80.22464074259626,13.1144165,80.2246856,Highway_unknown,highway,,16.59,26
477,13.110798411306712,80.22207427249172,13.1145334,80.2242374,Highway_unknown,highway,,476.82,3
478,13.07494155450947,80.20364740695138,13.0764249,80.2033133,Highway_unknown,highway,,168.86,14
479,13.075647926387946,80.2098642215767,13.0766499,80.2099037,Highway_unknown,highway,,111.5,24
480,13.139542675306076,79.90674735093258,13.1396508,79.9073028,Highway_unknown,highway,,61.34,18
482,12.922918175453438,80.1523846193852,12.92276,80.1523483,Highway_unknown,highway,,18.02,17
483,12.917359625611574,80.15420197327585,12.9173266,80.1522766,Highway_unknown,highway,,208.71,6
484,12.849063310512555,79.70646317233196,12.8500997,79.7046804,Highway_unknown,highway,,225.02,15
485,13.024277532177674,80.02269493716348,13.0240566,80.0228416,Highway_unknown,highway,,29.26,4
486,13.134264381121696,80.25838181753628,13.1341983,80.2586649,Highway_unknown,highway,,31.52,21
488,13.04505950922614,80.11617323996165,13.0450733,80.1160949,Highway_unknown,highway,,8.62,23
489,13.048427934558012,80.11922094920143,13.047798333333333,80.12016833333334,Highway_unknown,highway,,124.23,14
491,13.110154679596494,80.20225934259045,13.1104671,80.197134,Highway_unknown,highway,,556.14,10
492,13.136311930824723,80.10311806889837,13.136365,80.10314,Highway_unknown,highway,,6.36,14
493,13.157502983331415,79.89072279188407,13.1574332,79.8901367,Highway_unknown,highway,,63.93,4
494,13.0692252582426,80.15982511617948,13.0695497,80.1608943,Highway_unknown,highway,,121.3,16
495,13.075264001100148,80.16079592286005,13.0753338,80.1609992,Highway_unknown,highway,,23.35,5
496,13.196379753052494,80.27574835047066,13.1965133,80.2695716,Highway_unknown,highway,,668.85,3
497,12.976242213346536,80.13242461827726,12.9761533,80.13274,Highway_unknown,highway,,35.57,28
498,12.97421266314198,80.1275222771139,12.973685,80.12731,Highway_unknown,highway,,63.02,10
500,12.916353212816546,80.19298778775249,12.9170666,80.1930533,Highway_unknown,highway,,79.64,16
501,13.120342698400474,80.22552808370507,13.1197834,80.2248287,Highway_unknown,highway,,98.0,18
503,13.092749639878058,80.20513902312057,13.09283,80.2064799,Highway_unknown,highway,,145.5,11
504,13.09488569827008,80.20294992494068,13.0947766,80.2029333,Highway_unknown,highway,,12.26,16
505,12.924286738978529,80.12002976918966,12.9233466,80.119935,Highway_unknown,highway,,105.04,7
506,12.924258406663029,80.12820788106528,12.9229783,80.1283566,Highway_unknown,highway,,143.25,28
507,12.894047962567196,80.08154913449603,12.8937066,80.0812799,Highway_unknown,highway,,47.88,8
508,13.136623967499473,80.22112794986249,13.1381332,80.2174663,Highway_unknown,highway,,430.55,17
510,13.039712791030174,80.09335356090587,13.03809,80.0872533,Highway_unknown,highway,,685.02,15
511,12.981639356825657,80.19842770983183,12.9812002,80.19804,Highway_unknown,highway,,64.42,16
512,13.12942106310317,80.24175387581407,13.1293466,80.2416533,Highway_unknown,highway,,13.68,19
513,13.13283185,80.23440934999999,13.1336164,80.2349281,Highway_unknown,highway,,103.76,2
514,13.102438922574503,79.90774079347685,13.0972027,79.9074554,Highway_unknown,highway,,583.06,14
516,13.045551337488636,80.18837514736472,13.0460416,80.1880933,Highway_unknown,highway,,62.48,30
517,13.049887872787256,80.18473699069445,13.045593333333333,80.18682333333334,Highway_unknown,highway,,528.31,7
518,13.076912918354356,80.2245619569792,13.07605,80.22513833333333,Highway_unknown,highway,,114.47,21
519,13.082117143224153,80.21976788650991,13.0822336,80.2179527,Highway_unknown,highway,,197.03,10
520,12.933465982595328,80.25217531046871,12.932351666666667,80.25188,Highway_unknown,highway,,127.97,3
521,13.119287126707531,80.07504437819193,13.1191933,80.075016,Highway_unknown,highway,,10.88,19
522,13.07481663784352,79.66932985828916,13.0751066,79.67038,Highway_unknown,highway,,118.22,15
523,12.94485071592248,80.18420299968386,12.9442133,80.1842183,Highway_unknown,highway,,70.9,14
524,13.051298644150952,80.2420411413436,13.0525839,80.2416706,Highway_unknown,highway,,148.44,10
525,13.054352774184482,80.23640411794776,13.0534899,80.2361549,Highway_unknown,highway,,99.67,12
526,13.097915592925922,80.13456126791968,13.0983749,80.1348016,Highway_unknown,highway,,57.32,11
527,13.10112542400164,80.13968580222166,13.100973,80.139663,Highway_unknown,highway,,17.13,11
528,12.957564860156127,80.24256947290836,12.9573333,80.2437686,Highway_unknown,highway,,132.47,6
529,13.032106497497915,80.18859976068916,13.0376933,80.1928716,Highway_unknown,highway,,774.64,15
530,13.07362515940943,80.1673520390639,13.0741333,80.1614284,Highway_unknown,highway,,644.09,16
531,13.05097717566868,80.09698165403613,13.0560994,80.0972366,Highway_unknown,highway,,570.23,18
532,13.05567103095849,80.10057700943861,13.056817,80.0999832,Highway_unknown,highway,,142.74,9
533,13.049106394476652,80.25914817299763,13.0542966,80.2595583,Highway_unknown,highway,,578.83,19
534,12.957388191756658,80.18723726130408,12.9574149,80.1869783,Highway_unknown,highway,,28.22,17
535,12.957420146999084,80.18270756063023,12.9574183,80.1869499,Highway_unknown,highway,,459.72,8
536,12.800873030491966,79.78211607660087,12.7994167,79.7814846,Highway_unknown,highway,,175.82,4
537,13.12338705489298,80.22277106583296,13.1234669,80.222721,Highway_unknown,highway,,10.4,32
538,13.125110938804006,80.21904999355411,13.1259,80.2194118,Highway_unknown,highway,,96.09,12
539,13.12848393377363,80.22408716792519,13.12474,80.221105,Highway_unknown,highway,,526.88,3
540,13.117954528618943,80.198334078531,13.117978333333332,80.19820833333333,Highway_unknown,highway,,13.87,28
541,13.124213195517695,80.19324660626839,13.121441666666666,80.19946833333333,Highway_unknown,highway,,740.89,4
543,13.235375494349936,80.16204375320999,13.2354116,80.1623344,Highway_unknown,highway,,31.72,4
544,12.98089762101912,80.21094203684703,12.9818832,80.2178764,Highway_unknown,highway,,759.31,13
545,12.980946415583803,80.20464702261432,12.980616,80.1987266,Highway_unknown,highway,,642.55,15
548,13.161713104180668,80.11567634836521,13.160258333333331,80.11003666666667,Highway_unknown,highway,,631.7,3
549,12.919708658313535,80.18159485193662,12.9196366,80.18159,Highway_unknown,highway,,8.03,9
550,13.1096708758075,79.92083544859727,13.1096494,79.9208164,Highway_unknown,highway,,3.16,7
551,12.819148349704395,79.71873919923497,12.82023,79.71892166666666,Highway_unknown,highway,,121.89,15
552,12.837311054384584,79.70372180619077,12.8374326,79.7038173,Highway_unknown,highway,,17.02,24
553,12.84020146032434,79.70685315958232,12.8402216,79.7070516,Highway_unknown,highway,,21.63,7
554,12.838864016037087,79.70080498965731,12.8388833,79.7007989,Highway_unknown,highway,,2.24,15
555,12.976422382516697,80.22384883471315,12.9771733,80.2233166,Highway_unknown,highway,,101.48,8
556,12.976234076808442,80.21924428359446,12.9764676,80.2198028,Highway_unknown,highway,,65.85,18
557,12.978958267957378,80.25946617508347,12.980485,80.25927666666666,Highway_unknown,highway,,171.0,14
558,12.947528148277618,80.20854200173738,12.9470966,80.2094866,Highway_unknown,highway,,113.05,6
560,13.12978899071841,80.13966883291333,13.129135,80.1390383,Highway_unknown,highway,,99.75,16
562,13.103915899712442,80.05642745159491,13.103681666666668,80.058515,Highway_unknown,highway,,227.58,4
563,13.039177853895756,80.11333640775102,13.0390133,80.113485,Highway_unknown,highway,,24.37,19
566,12.951211614296962,80.1398591523229,12.95117,80.140095,Highway_unknown,highway,,25.97,20
567,13.004207718657035,79.99261371011995,13.0037164,79.9933481,Highway_unknown,highway,,96.52,3
568,13.046770362830904,80.21278148829182,13.0468332,80.2122211,Highway_unknown,highway,,61.1,20
569,13.04675579582504,80.16211910512129,13.0380332,80.1614952,Highway_unknown,highway,,972.26,16
570,13.13524708680649,79.92836971505602,13.13505,79.9283316,Highway_unknown,highway,,22.3,8
571,13.14829737471354,80.20219944673357,13.1466841,80.202732,Highway_unknown,highway,,188.43,6
573,13.124437051355708,79.99654790443942,13.124768333333334,79.996545,Highway_unknown,highway,,36.84,9
575,13.076282638038393,80.26895756804265,13.0756516,80.26863,Highway_unknown,highway,,78.63,19
576,13.1044472374401,80.20293818990886,13.1037116,80.2031316,Highway_unknown,highway,,84.44,14
577,13.102144372742575,80.20027133313275,13.1032335,80.2003479,Highway_unknown,highway,,121.39,13
578,13.171544357652316,80.30332738189837,13.1709116,80.30508,Highway_unknown,highway,,202.38,17
579,13.12356148978036,80.05488099832365,13.1236149,80.054925,Highway_unknown,highway,,7.61,9
581,13.1441111961029,80.1882184983358,13.14411,80.1881933,Highway_unknown,highway,,2.73,13
582,13.037678073797798,80.05176989102776,13.0382001,80.0514984,Highway_unknown,highway,,65.07,10
583,13.04085914219446,80.23267943520142,13.0467366,80.22625,Highway_unknown,highway,,955.09,9
586,13.30144387354222,80.16126943730897,13.3016943,80.1606464,Highway_unknown,highway,,72.94,6
