route_id,route_name,depot,total_stops,total_students,efficiency_percentage,total_distance_km,estimated_time_min,route_type,direction,accessibility_status,warnings,export_timestamp
Bus 6,Bus 6,Main Depot,3,55,100.0%,29.59,71 min,advanced-angular,72°,Valid,,2025-10-14T20-38-29
Bus 85,Bus 85,Main Depot,6,55,100.0%,29.59,71 min,advanced-angular,103°,Valid,,2025-10-14T20-38-29
Bus 55,Bus 55,Main Depot,4,55,100.0%,24.29,58 min,advanced-angular,69°,Valid,,2025-10-14T20-38-29
Bus 101,Bus 101,Main Depot,5,55,100.0%,37.88,91 min,advanced-angular,52°,Valid,,2025-10-14T20-38-29
Bus 74,Bus 74,Main Depot,4,55,100.0%,30.28,73 min,advanced-angular,41°,Valid,,2025-10-14T20-38-29
Bus 14,Bus 14,Main Depot,4,55,100.0%,23.01,55 min,advanced-angular,82°,Valid,,2025-10-14T20-38-29
Bus 71,Bus 71,Main Depot,4,55,100.0%,10.31,25 min,advanced-angular,64°,Valid,,2025-10-14T20-38-29
Bus 1,Bus 1,Main Depot,4,55,100.0%,33.33,80 min,advanced-angular,73°,Valid,,2025-10-14T20-38-29
Bus 37,Bus 37,Main Depot,5,55,100.0%,39.36,94 min,advanced-angular,61°,Valid,,2025-10-14T20-38-29
Bus 20,Bus 20,Main Depot,3,55,100.0%,17.75,43 min,advanced-angular,81°,Valid,,2025-10-14T20-38-29
Bus 15,Bus 15,Main Depot,4,55,100.0%,22.71,54 min,advanced-angular,78°,Valid,,2025-10-14T20-38-29
Bus 57,Bus 57,Main Depot,4,55,100.0%,24.00,58 min,advanced-angular,71°,Valid,,2025-10-14T20-38-29
Bus 62,Bus 62,Main Depot,2,55,100.0%,20.99,50 min,advanced-angular,67°,Valid,,2025-10-14T20-38-29
Bus 118,Bus 118,Main Depot,7,55,100.0%,42.08,101 min,advanced-angular,29°,Valid,,2025-10-14T20-38-29
Bus 124,Bus 124,Main Depot,5,55,100.0%,27.94,67 min,advanced-angular,91°,Valid,,2025-10-14T20-38-29
Bus 94,Bus 94,Main Depot,3,55,100.0%,40.84,98 min,advanced-angular,238°,Valid,,2025-10-14T20-38-29
Bus 51,Bus 51,Main Depot,5,55,100.0%,27.46,66 min,advanced-angular,61°,Valid,,2025-10-14T20-38-29
Bus 7,Bus 7,Main Depot,3,55,100.0%,25.65,62 min,advanced-angular,75°,Valid,,2025-10-14T20-38-29
Bus 17,Bus 17,Main Depot,3,55,100.0%,21.93,53 min,advanced-angular,75°,Valid,,2025-10-14T20-38-29
Bus 111,Bus 111,Main Depot,2,55,100.0%,20.10,48 min,advanced-angular,51°,Valid,,2025-10-14T20-38-29
Bus 21,Bus 21,Main Depot,4,55,100.0%,17.25,41 min,advanced-angular,79°,Valid,,2025-10-14T20-38-29
Bus 31,Bus 31,Main Depot,6,55,100.0%,28.93,69 min,advanced-angular,113°,Valid,,2025-10-14T20-38-29
Bus 88,Bus 88,Main Depot,4,55,100.0%,23.47,56 min,advanced-angular,97°,Valid,,2025-10-14T20-38-29
Bus 103,Bus 103,Main Depot,5,55,100.0%,30.86,74 min,advanced-angular,55°,Valid,,2025-10-14T20-38-29
Bus 126,Bus 126,Main Depot,4,55,100.0%,24.83,60 min,advanced-angular,84°,Valid,,2025-10-14T20-38-29
Bus 141,Bus 141,Main Depot,4,55,100.0%,18.89,45 min,advanced-angular,122°,Valid,,2025-10-14T20-38-29
Bus 42,Bus 42,Main Depot,4,55,100.0%,31.99,77 min,advanced-angular,63°,Valid,,2025-10-14T20-38-29
Bus 49,Bus 49,Main Depot,3,55,100.0%,27.63,66 min,advanced-angular,62°,Valid,,2025-10-14T20-38-29
Bus 60,Bus 60,Main Depot,3,55,100.0%,22.18,53 min,advanced-angular,67°,Valid,,2025-10-14T20-38-29
Bus 73,Bus 73,Main Depot,5,55,100.0%,38.63,93 min,advanced-angular,283°,Valid,,2025-10-14T20-38-29
Bus 50,Bus 50,Main Depot,3,55,100.0%,27.24,65 min,advanced-angular,68°,Valid,,2025-10-14T20-38-29
Bus 38,Bus 38,Main Depot,4,55,100.0%,37.98,91 min,advanced-angular,64°,Valid,,2025-10-14T20-38-29
Bus 93,Bus 93,Main Depot,3,55,100.0%,39.81,96 min,advanced-angular,238°,Valid,,2025-10-14T20-38-29
Bus 58,Bus 58,Main Depot,2,55,100.0%,23.49,56 min,advanced-angular,60°,Valid,,2025-10-14T20-38-29
Bus 145,Bus 145,Main Depot,4,55,100.0%,19.62,47 min,advanced-angular,324°,Valid,,2025-10-14T20-38-29
Bus 54,Bus 54,Main Depot,4,55,100.0%,24.07,58 min,advanced-angular,67°,Valid,,2025-10-14T20-38-29
Bus 43,Bus 43,Main Depot,4,55,100.0%,30.34,73 min,advanced-angular,63°,Valid,,2025-10-14T20-38-29
Bus 69,Bus 69,Main Depot,3,55,100.0%,15.74,38 min,advanced-angular,63°,Valid,,2025-10-14T20-38-29
Bus 56,Bus 56,Main Depot,2,55,100.0%,23.66,57 min,advanced-angular,66°,Valid,,2025-10-14T20-38-29
Bus 3,Bus 3,Main Depot,5,54,98.2%,32.55,78 min,advanced-angular,78°,Valid,,2025-10-14T20-38-29
Bus 66,Bus 66,Main Depot,3,54,98.2%,21.54,52 min,advanced-angular,62°,Valid,,2025-10-14T20-38-29
Bus 81,Bus 81,Main Depot,2,54,98.2%,16.61,40 min,advanced-angular,322°,Valid,,2025-10-14T20-38-29
Bus 80,Bus 80,Main Depot,6,54,98.2%,20.91,50 min,advanced-angular,323°,Valid,,2025-10-14T20-38-29
Bus 102,Bus 102,Main Depot,4,54,98.2%,30.97,74 min,advanced-angular,59°,Valid,,2025-10-14T20-38-29
Bus 84,Bus 84,Main Depot,6,54,98.2%,29.47,71 min,advanced-angular,108°,Valid,,2025-10-14T20-38-29
Bus 5,Bus 5,Main Depot,5,54,98.2%,31.81,76 min,advanced-angular,80°,Valid,,2025-10-14T20-38-29
Bus 46,Bus 46,Main Depot,3,54,98.2%,28.80,69 min,advanced-angular,66°,Valid,,2025-10-14T20-38-29
Bus 45,Bus 45,Main Depot,4,54,98.2%,30.36,73 min,advanced-angular,67°,Valid,,2025-10-14T20-38-29
Bus 104,Bus 104,Main Depot,6,54,98.2%,30.28,73 min,advanced-angular,48°,Valid,,2025-10-14T20-38-29
Bus 79,Bus 79,Main Depot,3,54,98.2%,17.17,41 min,advanced-angular,42°,Valid,,2025-10-14T20-38-29
Bus 12,Bus 12,Main Depot,3,54,98.2%,24.54,59 min,advanced-angular,74°,Valid,,2025-10-14T20-38-29
Bus 44,Bus 44,Main Depot,5,54,98.2%,29.92,72 min,advanced-angular,69°,Valid,,2025-10-14T20-38-29
Bus 127,Bus 127,Main Depot,4,54,98.2%,28.75,69 min,advanced-angular,85°,Valid,,2025-10-14T20-38-29
Bus 112,Bus 112,Main Depot,4,54,98.2%,20.31,49 min,advanced-angular,59°,Valid,,2025-10-14T20-38-29
Bus 16,Bus 16,Main Depot,4,54,98.2%,22.06,53 min,advanced-angular,82°,Valid,,2025-10-14T20-38-29
Bus 41,Bus 41,Main Depot,3,54,98.2%,35.03,84 min,advanced-angular,70°,Valid,,2025-10-14T20-38-29
Bus 9,Bus 9,Main Depot,4,54,98.2%,25.95,62 min,advanced-angular,79°,Valid,,2025-10-14T20-38-29
Bus 4,Bus 4,Main Depot,3,54,98.2%,30.38,73 min,advanced-angular,79°,Valid,,2025-10-14T20-38-29
Bus 40,Bus 40,Main Depot,3,54,98.2%,35.19,84 min,advanced-angular,69°,Valid,,2025-10-14T20-38-29
Bus 72,Bus 72,Main Depot,3,53,96.4%,39.24,94 min,advanced-angular,285°,Valid,,2025-10-14T20-38-29
Bus 76,Bus 76,Main Depot,3,53,96.4%,19.59,47 min,advanced-angular,46°,Valid,,2025-10-14T20-38-29
Bus 39,Bus 39,Main Depot,4,53,96.4%,34.58,83 min,advanced-angular,68°,Valid,,2025-10-14T20-38-29
Bus 100,Bus 100,Main Depot,5,53,96.4%,41.61,100 min,advanced-angular,59°,Valid,,2025-10-14T20-38-29
Bus 47,Bus 47,Main Depot,5,53,96.4%,29.53,71 min,advanced-angular,63°,Valid,,2025-10-14T20-38-29
Bus 59,Bus 59,Main Depot,3,53,96.4%,23.25,56 min,advanced-angular,63°,Valid,,2025-10-14T20-38-29
Bus 2,Bus 2,Main Depot,4,53,96.4%,30.48,73 min,advanced-angular,78°,Valid,,2025-10-14T20-38-29
Bus 110,Bus 110,Main Depot,3,53,96.4%,21.23,51 min,advanced-angular,51°,Valid,,2025-10-14T20-38-29
Bus 61,Bus 61,Main Depot,3,53,96.4%,22.31,54 min,advanced-angular,65°,Valid,,2025-10-14T20-38-29
Bus 87,Bus 87,Main Depot,4,53,96.4%,28.55,69 min,advanced-angular,100°,Valid,,2025-10-14T20-38-29
Bus 8,Bus 8,Main Depot,3,53,96.4%,25.22,61 min,advanced-angular,73°,Valid,,2025-10-14T20-38-29
Bus 109,Bus 109,Main Depot,2,53,96.4%,21.58,52 min,advanced-angular,51°,Valid,,2025-10-14T20-38-29
Bus 23,Bus 23,Main Depot,2,53,96.4%,14.61,35 min,advanced-angular,77°,Valid,,2025-10-14T20-38-29
Bus 10,Bus 10,Main Depot,4,53,96.4%,24.75,59 min,advanced-angular,80°,Valid,,2025-10-14T20-38-29
Bus 48,Bus 48,Main Depot,2,53,96.4%,27.89,67 min,advanced-angular,62°,Valid,,2025-10-14T20-38-29
Bus 52,Bus 52,Main Depot,3,53,96.4%,27.55,66 min,advanced-angular,61°,Valid,,2025-10-14T20-38-29
Bus 53,Bus 53,Main Depot,5,52,94.5%,27.79,67 min,advanced-angular,72°,Valid,,2025-10-14T20-38-29
Bus 106,Bus 106,Main Depot,4,52,94.5%,28.18,68 min,advanced-angular,57°,Valid,,2025-10-14T20-38-29
Bus 108,Bus 108,Main Depot,2,52,94.5%,26.21,63 min,advanced-angular,59°,Valid,,2025-10-14T20-38-29
Bus 91,Bus 91,Main Depot,2,52,94.5%,20.65,50 min,advanced-angular,103°,Valid,,2025-10-14T20-38-29
Bus 128,Bus 128,Main Depot,4,52,94.5%,26.61,64 min,advanced-angular,86°,Valid,,2025-10-14T20-38-29
Bus 18,Bus 18,Main Depot,3,52,94.5%,21.42,51 min,advanced-angular,78°,Valid,,2025-10-14T20-38-29
Bus 134,Bus 134,Main Depot,3,52,94.5%,18.33,44 min,advanced-angular,154°,Valid,,2025-10-14T20-38-29
Bus 32,Bus 32,Main Depot,4,51,92.7%,23.75,57 min,advanced-angular,115°,Valid,,2025-10-14T20-38-29
Bus 86,Bus 86,Main Depot,4,51,92.7%,29.11,70 min,advanced-angular,96°,Valid,,2025-10-14T20-38-29
Bus 123,Bus 123,Main Depot,6,51,92.7%,35.56,85 min,advanced-angular,226°,Valid,,2025-10-14T20-38-29
Bus 125,Bus 125,Main Depot,5,51,92.7%,28.97,70 min,advanced-angular,95°,Valid,,2025-10-14T20-38-29
Bus 95,Bus 95,Main Depot,2,51,92.7%,38.14,92 min,advanced-angular,239°,Valid,,2025-10-14T20-38-29
Bus 64,Bus 64,Main Depot,3,51,92.7%,20.75,50 min,advanced-angular,71°,Valid,,2025-10-14T20-38-29
Bus 67,Bus 67,Main Depot,4,50,90.9%,17.13,41 min,advanced-angular,69°,Valid,,2025-10-14T20-38-29
Bus 11,Bus 11,Main Depot,3,50,90.9%,25.35,61 min,advanced-angular,80°,Valid,,2025-10-14T20-38-29
Bus 36,Bus 36,Main Depot,4,50,90.9%,17.28,41 min,advanced-angular,111°,Valid,,2025-10-14T20-38-29
Bus 68,Bus 68,Main Depot,3,50,90.9%,15.88,38 min,advanced-angular,61°,Valid,,2025-10-14T20-38-29
Bus 70,Bus 70,Main Depot,3,50,90.9%,13.33,32 min,advanced-angular,70°,Valid,,2025-10-14T20-38-29
Bus 119,Bus 119,Main Depot,3,50,90.9%,20.94,50 min,advanced-angular,30°,Valid,,2025-10-14T20-38-29
Bus 75,Bus 75,Main Depot,4,50,90.9%,28.74,69 min,advanced-angular,44°,Valid,,2025-10-14T20-38-29
Bus 107,Bus 107,Main Depot,3,50,90.9%,26.10,63 min,advanced-angular,59°,Valid,,2025-10-14T20-38-29
Bus 65,Bus 65,Main Depot,2,50,90.9%,19.61,47 min,advanced-angular,65°,Valid,,2025-10-14T20-38-29
Bus 138,Bus 138,Main Depot,4,50,90.9%,20.59,49 min,advanced-angular,124°,Valid,,2025-10-14T20-38-29
Bus 13,Bus 13,Main Depot,4,50,90.9%,24.34,58 min,advanced-angular,75°,Valid,,2025-10-14T20-38-29
Bus 89,Bus 89,Main Depot,4,50,90.9%,22.54,54 min,advanced-angular,106°,Valid,,2025-10-14T20-38-29
Bus 63,Bus 63,Main Depot,2,49,89.1%,21.05,51 min,advanced-angular,68°,Valid,,2025-10-14T20-38-29
Bus 136,Bus 136,Main Depot,5,49,89.1%,23.16,56 min,advanced-angular,167°,Valid,,2025-10-14T20-38-29
Bus 92,Bus 92,Main Depot,2,49,89.1%,14.74,35 min,advanced-angular,105°,Valid,,2025-10-14T20-38-29
Bus 142,Bus 142,Main Depot,4,49,89.1%,20.08,48 min,advanced-angular,23°,Valid,,2025-10-14T20-38-29
Bus 113,Bus 113,Main Depot,3,49,89.1%,20.10,48 min,advanced-angular,55°,Valid,,2025-10-14T20-38-29
Bus 129,Bus 129,Main Depot,2,49,89.1%,15.57,37 min,advanced-angular,85°,Valid,,2025-10-14T20-38-29
Bus 25,Bus 25,Main Depot,3,49,89.1%,13.91,33 min,advanced-angular,74°,Valid,,2025-10-14T20-38-29
Bus 105,Bus 105,Main Depot,4,49,89.1%,27.15,65 min,advanced-angular,57°,Valid,,2025-10-14T20-38-29
Bus 34,Bus 34,Main Depot,3,48,87.3%,17.74,43 min,advanced-angular,116°,Valid,,2025-10-14T20-38-29
Bus 96,Bus 96,Main Depot,4,48,87.3%,41.18,99 min,advanced-angular,237°,Valid,,2025-10-14T20-38-29
Bus 22,Bus 22,Main Depot,2,48,87.3%,16.71,40 min,advanced-angular,82°,Valid,,2025-10-14T20-38-29
Bus 139,Bus 139,Main Depot,3,48,87.3%,19.52,47 min,advanced-angular,126°,Valid,,2025-10-14T20-38-29
Bus 33,Bus 33,Main Depot,4,47,85.5%,24.14,58 min,advanced-angular,116°,Valid,,2025-10-14T20-38-29
Bus 19,Bus 19,Main Depot,2,47,85.5%,18.70,45 min,advanced-angular,79°,Valid,,2025-10-14T20-38-29
Bus 26,Bus 26,Main Depot,5,46,83.6%,38.87,93 min,advanced-angular,240°,Valid,,2025-10-14T20-38-29
Bus 114,Bus 114,Main Depot,3,46,83.6%,19.94,48 min,advanced-angular,50°,Valid,,2025-10-14T20-38-29
Bus 116,Bus 116,Main Depot,3,46,83.6%,15.54,37 min,advanced-angular,51°,Valid,,2025-10-14T20-38-29
Bus 115,Bus 115,Main Depot,3,45,81.8%,15.31,37 min,advanced-angular,50°,Valid,,2025-10-14T20-38-29
Bus 90,Bus 90,Main Depot,3,44,80.0%,22.02,53 min,advanced-angular,102°,Valid,,2025-10-14T20-38-29
Bus 131,Bus 131,Main Depot,3,44,80.0%,15.64,38 min,advanced-angular,140°,Valid,,2025-10-14T20-38-29
Bus 98,Bus 98,Main Depot,2,44,80.0%,37.79,91 min,advanced-angular,240°,Valid,,2025-10-14T20-38-29
Bus 83,Bus 83,Main Depot,3,43,78.2%,14.87,36 min,advanced-angular,313°,Valid,,2025-10-14T20-38-29
Bus 24,Bus 24,Main Depot,2,43,78.2%,14.38,35 min,advanced-angular,76°,Valid,,2025-10-14T20-38-29
Bus 132,Bus 132,Main Depot,3,41,74.5%,16.72,40 min,advanced-angular,132°,Valid,,2025-10-14T20-38-29
Bus 140,Bus 140,Main Depot,2,41,74.5%,16.71,40 min,advanced-angular,125°,Valid,,2025-10-14T20-38-29