route_id,route_name,stop_sequence,cluster_number,stop_name,original_lat,original_lon,snapped_lat,snapped_lon,students_pickup,distance_to_next_stop_km,cumulative_distance_km,cumulative_students,export_timestamp
Bus 6,Bus 6,1,223,Stop 223,13.088955,80.26382833333334,13.088955,80.26382833333334,24,0.881,0.881,24,2025-10-14T20-38-29
Bus 6,Bus 6,2,320,Stop 320,13.0864,80.256125,13.0864,80.256125,9,1.228,2.109,33,2025-10-14T20-38-29
Bus 6,Bus 6,3,0,Stop 0,13.084875,80.244895,13.084875,80.244895,22,0.000,2.109,55,2025-10-14T20-38-29
Bus 85,Bus 85,1,135,Stop 135,12.951543333333332,80.25504333333333,12.951543333333332,80.25504333333333,3,1.381,1.381,3,2025-10-14T20-38-29
Bus 85,Bus 85,2,528,Stop 528,12.9573333,80.2437686,12.9573333,80.2437686,6,3.058,4.439,9,2025-10-14T20-38-29
Bus 85,Bus 85,3,18,Stop 18,12.9807866,80.2290316,12.9807866,80.2290316,13,0.738,5.177,22,2025-10-14T20-38-29
Bus 85,Bus 85,4,555,Stop 555,12.9771733,80.2233166,12.9771733,80.2233166,9,0.389,5.566,31,2025-10-14T20-38-29
Bus 85,Bus 85,5,556,Stop 556,12.9764676,80.2198028,12.9764676,80.2198028,20,8.093,13.659,51,2025-10-14T20-38-29
Bus 85,Bus 85,6,366,Stop 366,12.970886666666669,80.14533333333334,12.970886666666669,80.14533333333334,4,0.000,13.659,55,2025-10-14T20-38-29
Bus 55,Bus 55,1,21,Stop 21,13.0849003,80.2096652,13.0849003,80.2096652,30,1.167,1.167,30,2025-10-14T20-38-29
Bus 55,Bus 55,2,478,Stop 478,13.0764249,80.2033133,13.0764249,80.2033133,14,2.008,3.175,44,2025-10-14T20-38-29
Bus 55,Bus 55,3,421,Stop 421,13.071296666666669,80.18553833333333,13.071296666666669,80.18553833333333,7,10.545,13.720,51,2025-10-14T20-38-29
Bus 55,Bus 55,4,396,Stop 396,13.052791666666666,80.09005666666667,13.052791666666666,80.09005666666667,4,0.000,13.720,55,2025-10-14T20-38-29
Bus 101,Bus 101,1,25,Stop 25,13.2114183,80.2714483,13.2114183,80.2714483,8,5.650,5.650,8,2025-10-14T20-38-29
Bus 101,Bus 101,2,246,Stop 246,13.1668496,80.2463817,13.1668496,80.2463817,17,2.218,7.868,25,2025-10-14T20-38-29
Bus 101,Bus 101,3,444,Stop 444,13.1476783,80.24072,13.1476783,80.24072,16,3.453,11.321,41,2025-10-14T20-38-29
Bus 101,Bus 101,4,124,Stop 124,13.12921,80.215085,13.12921,80.215085,7,1.619,12.941,48,2025-10-14T20-38-29
Bus 101,Bus 101,5,41,Stop 41,13.123813333333333,80.20119666666666,13.123813333333333,80.20119666666666,7,0.000,12.941,55,2025-10-14T20-38-29
Bus 74,Bus 74,1,26,Stop 26,13.2038402,80.175476,13.2038402,80.175476,10,2.315,2.315,10,2025-10-14T20-38-29
Bus 74,Bus 74,2,341,Stop 341,13.1961917,80.1555919,13.1961917,80.1555919,7,7.669,9.983,17,2025-10-14T20-38-29
Bus 74,Bus 74,3,560,Stop 560,13.129135,80.1390383,13.129135,80.1390383,16,1.585,11.569,33,2025-10-14T20-38-29
Bus 74,Bus 74,4,298,Stop 298,13.1291353,80.1243972,13.1291353,80.1243972,22,0.000,11.569,55,2025-10-14T20-38-29
Bus 14,Bus 14,1,28,Stop 28,13.036881666666666,80.21234833333334,13.036881666666666,80.21234833333334,15,0.865,0.865,15,2025-10-14T20-38-29
Bus 14,Bus 14,2,292,Stop 292,13.034803333333333,80.20465,13.034803333333333,80.20465,12,1.229,2.094,27,2025-10-14T20-38-29
Bus 14,Bus 14,3,113,Stop 113,13.0376083,80.19368,13.0376083,80.19368,18,2.673,4.767,45,2025-10-14T20-38-29
Bus 14,Bus 14,4,454,Stop 454,13.038946666666666,80.169045,13.038946666666666,80.169045,10,0.000,4.767,55,2025-10-14T20-38-29
Bus 71,Bus 71,1,395,Stop 395,13.0489838,80.0879859,13.0489838,80.0879859,27,0.977,0.977,27,2025-10-14T20-38-29
Bus 71,Bus 71,2,30,Stop 30,13.0469334,80.0792121,13.0469334,80.0792121,18,2.761,3.739,45,2025-10-14T20-38-29
Bus 71,Bus 71,3,118,Stop 118,13.0399167,80.0547599,13.0399167,80.0547599,6,3.882,7.620,51,2025-10-14T20-38-29
Bus 71,Bus 71,4,485,Stop 485,13.0240566,80.0228416,13.0240566,80.0228416,4,0.000,7.620,55,2025-10-14T20-38-29
Bus 1,Bus 1,1,221,Stop 221,13.0960016,80.2928249,13.0960016,80.2928249,19,2.257,2.257,19,2025-10-14T20-38-29
Bus 1,Bus 1,2,36,Stop 36,13.083945,80.2760616,13.083945,80.2760616,4,1.224,3.481,23,2025-10-14T20-38-29
Bus 1,Bus 1,3,575,Stop 575,13.0756516,80.26863,13.0756516,80.26863,19,1.685,5.166,42,2025-10-14T20-38-29
Bus 1,Bus 1,4,378,Stop 378,13.0787833,80.2534116,13.0787833,80.2534116,13,0.000,5.166,55,2025-10-14T20-38-29
Bus 37,Bus 37,1,578,Stop 578,13.1709116,80.30508,13.1709116,80.30508,17,0.796,0.796,17,2025-10-14T20-38-29
Bus 37,Bus 37,2,46,Stop 46,13.1639433,80.30339,13.1639433,80.30339,18,0.642,1.438,35,2025-10-14T20-38-29
Bus 37,Bus 37,3,45,Stop 45,13.1583283,80.302,13.1583283,80.302,9,1.481,2.919,44,2025-10-14T20-38-29
Bus 37,Bus 37,4,343,Stop 343,13.145785,80.2974066,13.145785,80.2974066,7,2.423,5.342,51,2025-10-14T20-38-29
Bus 37,Bus 37,5,72,Stop 72,13.1241883,80.294415,13.1241883,80.294415,4,0.000,5.342,55,2025-10-14T20-38-29
Bus 20,Bus 20,1,48,Stop 48,13.032295,80.16363666666666,13.032295,80.16363666666666,20,0.431,0.431,20,2025-10-14T20-38-29
Bus 20,Bus 20,2,47,Stop 47,13.034008333333333,80.16006833333333,13.034008333333333,80.16006833333333,26,2.325,2.756,46,2025-10-14T20-38-29
Bus 20,Bus 20,3,399,Stop 399,13.0371165,80.1388454,13.0371165,80.1388454,9,0.000,2.756,55,2025-10-14T20-38-29
Bus 15,Bus 15,1,125,Stop 125,13.049751666666667,80.20387,13.049751666666667,80.20387,14,0.790,0.790,14,2025-10-14T20-38-29
Bus 15,Bus 15,2,295,Stop 295,13.0434233,80.20055,13.0434233,80.20055,17,0.775,1.565,31,2025-10-14T20-38-29
Bus 15,Bus 15,3,112,Stop 112,13.04234,80.1934816,13.04234,80.1934816,15,2.963,4.528,46,2025-10-14T20-38-29
Bus 15,Bus 15,4,49,Stop 49,13.0285167,80.1700973,13.0285167,80.1700973,9,0.000,4.528,55,2025-10-14T20-38-29
Bus 57,Bus 57,1,479,Stop 479,13.0766499,80.2099037,13.0766499,80.2099037,24,2.110,2.110,24,2025-10-14T20-38-29
Bus 57,Bus 57,2,334,Stop 334,13.0739498,80.1906204,13.0739498,80.1906204,15,1.504,3.614,39,2025-10-14T20-38-29
Bus 57,Bus 57,3,50,Stop 50,13.0780066,80.1773766,13.0780066,80.1773766,8,0.366,3.979,47,2025-10-14T20-38-29
Bus 57,Bus 57,4,417,Stop 417,13.0784533,80.1740316,13.0784533,80.1740316,8,0.000,3.979,55,2025-10-14T20-38-29
Bus 62,Bus 62,1,53,Stop 53,13.0805366,80.1803683,13.0805366,80.1803683,18,0.908,0.908,18,2025-10-14T20-38-29
Bus 62,Bus 62,2,418,Stop 418,13.0833033,80.1724816,13.0833033,80.1724816,37,0.000,0.908,55,2025-10-14T20-38-29
Bus 118,Bus 118,1,164,Stop 164,13.3199703,80.1825904,13.3199703,80.1825904,12,3.125,3.125,12,2025-10-14T20-38-29
Bus 118,Bus 118,2,586,Stop 586,13.3016943,80.1606464,13.3016943,80.1606464,8,1.513,4.638,20,2025-10-14T20-38-29
Bus 118,Bus 118,3,55,Stop 55,13.2958149,80.1480388,13.2958149,80.1480388,4,4.227,8.865,24,2025-10-14T20-38-29
Bus 118,Bus 118,4,176,Stop 176,13.2585334,80.1556491,13.2585334,80.1556491,6,2.671,11.536,30,2025-10-14T20-38-29
Bus 118,Bus 118,5,543,Stop 543,13.2354116,80.1623344,13.2354116,80.1623344,4,10.094,21.630,34,2025-10-14T20-38-29
Bus 118,Bus 118,6,548,Stop 548,13.160258333333331,80.11003666666667,13.160258333333331,80.11003666666667,3,1.619,23.249,37,2025-10-14T20-38-29
Bus 118,Bus 118,7,189,Stop 189,13.1467883,80.1043483,13.1467883,80.1043483,15,0.000,23.249,52,2025-10-14T20-38-29
Bus 124,Bus 124,1,469,Stop 469,13.003895,80.25697333333333,13.003895,80.25697333333333,11,1.168,1.168,11,2025-10-14T20-38-29
Bus 124,Bus 124,2,56,Stop 56,13.00648,80.24652333333333,13.00648,80.24652333333333,8,2.786,3.954,19,2025-10-14T20-38-29
Bus 124,Bus 124,3,185,Stop 185,13.019175,80.22435166666666,13.019175,80.22435166666666,13,1.964,5.918,32,2025-10-14T20-38-29
Bus 124,Bus 124,4,368,Stop 368,13.0187166,80.2062316,13.0187166,80.2062316,16,6.713,12.631,48,2025-10-14T20-38-29
Bus 124,Bus 124,5,446,Stop 446,13.0207991,80.1443004,13.0207991,80.1443004,7,0.000,12.631,55,2025-10-14T20-38-29
Bus 94,Bus 94,1,408,Stop 408,12.8189826,79.6938037,12.8189826,79.6938037,7,1.686,1.686,7,2025-10-14T20-38-29
Bus 94,Bus 94,2,76,Stop 76,12.8103995,79.7066211,12.8103995,79.7066211,29,0.669,2.354,36,2025-10-14T20-38-29
Bus 94,Bus 94,3,75,Stop 75,12.8101503,79.7127819,12.8101503,79.7127819,9,0.000,2.354,45,2025-10-14T20-38-29
Bus 51,Bus 51,1,539,Stop 539,13.12474,80.221105,13.12474,80.221105,4,3.043,3.043,4,2025-10-14T20-38-29
Bus 51,Bus 51,2,491,Stop 491,13.1104671,80.197134,13.1104671,80.197134,10,1.306,4.349,14,2025-10-14T20-38-29
Bus 51,Bus 51,3,229,Stop 229,13.1057667,80.1860809,13.1057667,80.1860809,14,1.169,5.518,28,2025-10-14T20-38-29
Bus 51,Bus 51,4,82,Stop 82,13.097935,80.178875,13.097935,80.178875,17,1.875,7.393,45,2025-10-14T20-38-29
Bus 51,Bus 51,5,415,Stop 415,13.0821283,80.1728533,13.0821283,80.1728533,10,0.000,7.393,55,2025-10-14T20-38-29
Bus 7,Bus 7,1,84,Stop 84,13.0665838,80.2311038,13.0665838,80.2311038,10,0.593,0.593,10,2025-10-14T20-38-29
Bus 7,Bus 7,2,83,Stop 83,13.0685899,80.2260283,13.0685899,80.2260283,30,1.263,1.856,40,2025-10-14T20-38-29
Bus 7,Bus 7,3,220,Stop 220,13.0687332,80.2143669,13.0687332,80.2143669,15,0.000,1.856,55,2025-10-14T20-38-29
Bus 17,Bus 17,1,345,Stop 345,13.0588366,80.19505,13.0588366,80.19505,26,2.551,2.551,26,2025-10-14T20-38-29
Bus 17,Bus 17,2,91,Stop 91,13.041935,80.17912666666666,13.041935,80.17912666666666,16,3.736,6.286,42,2025-10-14T20-38-29
Bus 17,Bus 17,3,437,Stop 437,13.036445,80.14510666666666,13.036445,80.14510666666666,13,0.000,6.286,55,2025-10-14T20-38-29
Bus 111,Bus 111,1,92,Stop 92,13.1220116,80.1477266,13.1220116,80.1477266,48,2.850,2.850,48,2025-10-14T20-38-29
Bus 111,Bus 111,2,214,Stop 214,13.1095004,80.1247596,13.1095004,80.1247596,7,0.000,2.850,55,2025-10-14T20-38-29
Bus 21,Bus 21,1,286,Stop 286,13.0368233,80.1578216,13.0368233,80.1578216,15,0.666,0.666,15,2025-10-14T20-38-29
Bus 21,Bus 21,2,285,Stop 285,13.0362331,80.1517009,13.0362331,80.1517009,14,2.277,2.943,29,2025-10-14T20-38-29
Bus 21,Bus 21,3,104,Stop 104,13.039911666666669,80.131025,13.039911666666669,80.131025,11,0.437,3.380,40,2025-10-14T20-38-29
Bus 21,Bus 21,4,324,Stop 324,13.0410993,80.127182,13.0410993,80.127182,15,0.000,3.380,55,2025-10-14T20-38-29
Bus 31,Bus 31,1,109,Stop 109,12.9156994,80.2294826,12.9156994,80.2294826,4,3.438,3.438,4,2025-10-14T20-38-29
Bus 31,Bus 31,2,259,Stop 259,12.9341216,80.2040116,12.9341216,80.2040116,14,2.343,5.780,18,2025-10-14T20-38-29
Bus 31,Bus 31,3,215,Stop 215,12.9354833,80.1824383,12.9354833,80.1824383,15,2.779,8.559,33,2025-10-14T20-38-29
Bus 31,Bus 31,4,248,Stop 248,12.9233066,80.160045,12.9233066,80.160045,14,4.875,13.435,47,2025-10-14T20-38-29
Bus 31,Bus 31,5,305,Stop 305,12.9610816,80.1372066,12.9610816,80.1372066,5,4.415,17.850,52,2025-10-14T20-38-29
Bus 31,Bus 31,6,381,Stop 381,12.9691516,80.0973133,12.9691516,80.0973133,3,0.000,17.850,55,2025-10-14T20-38-29
Bus 88,Bus 88,1,544,Stop 544,12.9818832,80.2178764,12.9818832,80.2178764,13,2.151,2.151,13,2025-10-14T20-38-29
Bus 88,Bus 88,2,511,Stop 511,12.9812002,80.19804,12.9812002,80.19804,16,1.372,3.523,29,2025-10-14T20-38-29
Bus 88,Bus 88,3,425,Stop 425,12.9812016,80.185375,12.9812016,80.185375,20,10.261,13.784,49,2025-10-14T20-38-29
Bus 88,Bus 88,4,116,Stop 116,12.997255,80.09211833333333,12.997255,80.09211833333333,6,0.000,13.784,55,2025-10-14T20-38-29
Bus 103,Bus 103,1,226,Stop 226,13.1577837,80.2260971,13.1577837,80.2260971,18,2.577,2.577,18,2025-10-14T20-38-29
Bus 103,Bus 103,2,350,Stop 350,13.1626783,80.202835,13.1626783,80.202835,15,1.256,3.833,33,2025-10-14T20-38-29
Bus 103,Bus 103,3,117,Stop 117,13.1544516,80.1948866,13.1544516,80.1948866,10,1.429,5.262,43,2025-10-14T20-38-29
Bus 103,Bus 103,4,427,Stop 427,13.1415998,80.1947975,13.1415998,80.1947975,7,10.356,15.618,50,2025-10-14T20-38-29
Bus 103,Bus 103,5,122,Stop 122,13.0777699,80.1251633,13.0777699,80.1251633,5,0.000,15.618,55,2025-10-14T20-38-29
Bus 126,Bus 126,1,133,Stop 133,13.030673333333333,80.23066666666666,13.030673333333333,80.23066666666666,6,0.687,0.687,6,2025-10-14T20-38-29
Bus 126,Bus 126,2,364,Stop 364,13.030521666666669,80.224325,13.030521666666669,80.224325,13,1.691,2.378,19,2025-10-14T20-38-29
Bus 126,Bus 126,3,291,Stop 291,13.02952,80.20874833333333,13.02952,80.20874833333333,20,2.857,5.235,39,2025-10-14T20-38-29
Bus 126,Bus 126,4,196,Stop 196,13.020751666666667,80.18395833333334,13.020751666666667,80.18395833333334,16,0.000,5.235,55,2025-10-14T20-38-29
Bus 141,Bus 141,1,140,Stop 140,12.9349549,80.1261316,12.9349549,80.1261316,16,1.485,1.485,16,2025-10-14T20-38-29
Bus 141,Bus 141,2,412,Stop 412,12.92972,80.1135216,12.92972,80.1135216,17,1.437,2.922,33,2025-10-14T20-38-29
Bus 141,Bus 141,3,310,Stop 310,12.9253533,80.1010416,12.9253533,80.1010416,19,4.887,7.809,52,2025-10-14T20-38-29
Bus 141,Bus 141,4,381,Stop 381,12.9691516,80.0973133,12.9691516,80.0973133,3,0.000,7.809,55,2025-10-14T20-38-29
Bus 42,Bus 42,1,486,Stop 486,13.1341983,80.2586649,13.1341983,80.2586649,21,0.743,0.743,21,2025-10-14T20-38-29
Bus 42,Bus 42,2,150,Stop 150,13.1315033,80.2523899,13.1315033,80.2523899,14,0.886,1.629,35,2025-10-14T20-38-29
Bus 42,Bus 42,3,283,Stop 283,13.124453333333332,80.24857,13.124453333333332,80.24857,15,1.671,3.300,50,2025-10-14T20-38-29
Bus 42,Bus 42,4,413,Stop 413,13.1329333,80.2358341,13.1329333,80.2358341,5,0.000,3.300,55,2025-10-14T20-38-29
Bus 49,Bus 49,1,153,Stop 153,13.120655,80.224055,13.120655,80.224055,20,2.815,2.815,20,2025-10-14T20-38-29
Bus 49,Bus 49,2,540,Stop 540,13.117978333333332,80.19820833333333,13.117978333333332,80.19820833333333,30,6.223,9.038,50,2025-10-14T20-38-29
Bus 49,Bus 49,3,495,Stop 495,13.0753338,80.1609992,13.0753338,80.1609992,5,0.000,9.038,55,2025-10-14T20-38-29
Bus 60,Bus 60,1,154,Stop 154,13.0874502,80.1892852,13.0874502,80.1892852,19,0.446,0.446,19,2025-10-14T20-38-29
Bus 60,Bus 60,2,156,Stop 156,13.0837433,80.1877166,13.0837433,80.1877166,22,1.973,2.419,41,2025-10-14T20-38-29
Bus 60,Bus 60,3,416,Stop 416,13.0825006,80.1695442,13.0825006,80.1695442,14,0.000,2.419,55,2025-10-14T20-38-29
Bus 73,Bus 73,1,174,Stop 174,13.0851829,79.6656799,13.0851829,79.6656799,14,1.231,1.231,14,2025-10-14T20-38-29
Bus 73,Bus 73,2,522,Stop 522,13.0751066,79.67038,13.0751066,79.67038,19,1.040,2.271,33,2025-10-14T20-38-29
Bus 73,Bus 73,3,307,Stop 307,13.0661783,79.6732516,13.0661783,79.6732516,7,16.173,18.444,40,2025-10-14T20-38-29
Bus 73,Bus 73,4,337,Stop 337,13.0364334,79.8193979,13.0364334,79.8193979,8,3.974,22.418,48,2025-10-14T20-38-29
Bus 73,Bus 73,5,240,Stop 240,13.0315506,79.8557376,13.0315506,79.8557376,7,0.000,22.418,55,2025-10-14T20-38-29
Bus 50,Bus 50,1,179,Stop 179,13.0984997,80.2341556,13.0984997,80.2341556,22,1.113,1.113,22,2025-10-14T20-38-29
Bus 50,Bus 50,2,256,Stop 256,13.0898833,80.2289199,13.0898833,80.2289199,24,3.307,4.420,46,2025-10-14T20-38-29
Bus 50,Bus 50,3,442,Stop 442,13.0862966,80.1986083,13.0862966,80.1986083,9,0.000,4.420,55,2025-10-14T20-38-29
Bus 38,Bus 38,1,342,Stop 342,13.1516049,80.2998099,13.1516049,80.2998099,19,1.961,1.961,19,2025-10-14T20-38-29
Bus 38,Bus 38,2,264,Stop 264,13.1341633,80.29715,13.1341633,80.29715,17,2.799,4.759,36,2025-10-14T20-38-29
Bus 38,Bus 38,3,338,Stop 338,13.1095399,80.2917983,13.1095399,80.2917983,10,2.888,7.648,46,2025-10-14T20-38-29
Bus 38,Bus 38,4,222,Stop 222,13.096446666666669,80.26876333333334,13.096446666666669,80.26876333333334,9,0.000,7.648,55,2025-10-14T20-38-29
Bus 93,Bus 93,1,407,Stop 407,12.817925,79.6928983,12.817925,79.6928983,29,0.764,0.764,29,2025-10-14T20-38-29
Bus 93,Bus 93,2,227,Stop 227,12.8220499,79.698534,12.8220499,79.698534,16,0.411,1.175,45,2025-10-14T20-38-29
Bus 93,Bus 93,3,228,Stop 228,12.8244849,79.7013916,12.8244849,79.7013916,10,0.000,1.175,55,2025-10-14T20-38-29
Bus 58,Bus 58,1,230,Stop 230,13.10844,80.18332666666667,13.10844,80.18332666666667,39,2.260,2.260,39,2025-10-14T20-38-29
Bus 58,Bus 58,2,302,Stop 302,13.0881667,80.1817989,13.0881667,80.1817989,16,0.000,2.260,55,2025-10-14T20-38-29
Bus 145,Bus 145,1,480,Stop 480,13.1396508,79.9073028,13.1396508,79.9073028,20,1.203,1.203,20,2025-10-14T20-38-29
Bus 145,Bus 145,2,235,Stop 235,13.13698,79.91807,13.13698,79.91807,17,1.132,2.335,37,2025-10-14T20-38-29
Bus 145,Bus 145,3,570,Stop 570,13.13505,79.9283316,13.13505,79.9283316,10,2.939,5.274,47,2025-10-14T20-38-29
Bus 145,Bus 145,4,550,Stop 550,13.1096494,79.9208164,13.1096494,79.9208164,8,0.000,5.274,55,2025-10-14T20-38-29
Bus 54,Bus 54,1,503,Stop 503,13.09283,80.2064799,13.09283,80.2064799,12,0.855,0.855,12,2025-10-14T20-38-29
Bus 54,Bus 54,2,270,Stop 270,13.0941083,80.1986966,13.0941083,80.1986966,17,0.587,1.442,29,2025-10-14T20-38-29
Bus 54,Bus 54,3,271,Stop 271,13.0938839,80.1932811,13.0938839,80.1932811,15,1.332,2.774,44,2025-10-14T20-38-29
Bus 54,Bus 54,4,303,Stop 303,13.0880165,80.1825618,13.0880165,80.1825618,11,0.000,2.774,55,2025-10-14T20-38-29
Bus 43,Bus 43,1,512,Stop 512,13.1293466,80.2416533,13.1293466,80.2416533,19,0.869,0.869,19,2025-10-14T20-38-29
Bus 43,Bus 43,2,513,Stop 513,13.1336164,80.2349281,13.1336164,80.2349281,4,1.355,2.224,23,2025-10-14T20-38-29
Bus 43,Bus 43,3,414,Stop 414,13.1214332,80.2346229,13.1214332,80.2346229,19,1.151,3.375,42,2025-10-14T20-38-29
Bus 43,Bus 43,4,475,Stop 475,13.1130826,80.2283477,13.1130826,80.2283477,13,0.000,3.375,55,2025-10-14T20-38-29
Bus 69,Bus 69,1,420,Stop 420,13.0685883,80.1248516,13.0685883,80.1248516,17,2.367,2.367,17,2025-10-14T20-38-29
Bus 69,Bus 69,2,489,Stop 489,13.047798333333333,80.12016833333334,13.047798333333333,80.12016833333334,15,0.535,2.902,32,2025-10-14T20-38-29
Bus 69,Bus 69,3,488,Stop 488,13.0450733,80.1160949,13.0450733,80.1160949,23,0.000,2.902,55,2025-10-14T20-38-29
Bus 56,Bus 56,1,504,Stop 504,13.0947766,80.2029333,13.0947766,80.2029333,16,1.305,1.305,16,2025-10-14T20-38-29
Bus 56,Bus 56,2,441,Stop 441,13.0874323,80.1935386,13.0874323,80.1935386,39,0.000,1.305,55,2025-10-14T20-38-29
Bus 3,Bus 3,1,390,Stop 390,13.062695,80.2741949,13.062695,80.2741949,4,1.284,1.284,4,2025-10-14T20-38-29
Bus 3,Bus 3,2,252,Stop 252,13.0720449,80.2672333,13.0720449,80.2672333,12,1.986,3.270,16,2025-10-14T20-38-29
Bus 3,Bus 3,3,319,Stop 319,13.085171666666668,80.25479833333333,13.085171666666668,80.25479833333333,25,0.500,3.771,41,2025-10-14T20-38-29
Bus 3,Bus 3,4,1,Stop 1,13.084513333333334,80.25022833333334,13.084513333333334,80.25022833333334,8,4.933,8.704,49,2025-10-14T20-38-29
Bus 3,Bus 3,5,432,Stop 432,13.0521166,80.2191162,13.0521166,80.2191162,5,0.000,8.704,54,2025-10-14T20-38-29
Bus 66,Bus 66,1,129,Stop 129,13.0894672,80.161333,13.0894672,80.161333,6,3.139,3.139,6,2025-10-14T20-38-29
Bus 66,Bus 66,2,253,Stop 253,13.0613636,80.1640701,13.0613636,80.1640701,29,1.236,4.375,35,2025-10-14T20-38-29
Bus 66,Bus 66,3,8,Stop 8,13.0611157,80.1526641,13.0611157,80.1526641,19,0.000,4.375,54,2025-10-14T20-38-29
Bus 81,Bus 81,1,15,Stop 15,13.1237733,79.9113133,13.1237733,79.9113133,41,1.452,1.452,41,2025-10-14T20-38-29
Bus 81,Bus 81,2,224,Stop 224,13.1107399,79.91053,13.1107399,79.91053,13,0.000,1.452,54,2025-10-14T20-38-29
Bus 80,Bus 80,1,493,Stop 493,13.1574332,79.8901367,13.1574332,79.8901367,5,1.776,1.776,5,2025-10-14T20-38-29
Bus 80,Bus 80,2,119,Stop 119,13.144083,79.8991489,13.144083,79.8991489,6,1.711,3.488,11,2025-10-14T20-38-29
Bus 80,Bus 80,3,373,Stop 373,13.1323003,79.9093151,13.1323003,79.9093151,22,0.970,4.458,33,2025-10-14T20-38-29
Bus 80,Bus 80,4,16,Stop 16,13.123883,79.9116802,13.123883,79.9116802,7,1.222,5.680,40,2025-10-14T20-38-29
Bus 80,Bus 80,5,225,Stop 225,13.1129169,79.9124002,13.1129169,79.9124002,10,8.232,13.912,50,2025-10-14T20-38-29
Bus 80,Bus 80,6,181,Stop 181,13.0543339,79.958868,13.0543339,79.958868,4,0.000,13.912,54,2025-10-14T20-38-29
Bus 102,Bus 102,1,31,Stop 31,13.1465327,80.2402687,13.1465327,80.2402687,16,1.123,1.123,16,2025-10-14T20-38-29
Bus 102,Bus 102,2,459,Stop 459,13.1489157,80.2301883,13.1489157,80.2301883,16,1.826,2.949,32,2025-10-14T20-38-29
Bus 102,Bus 102,3,508,Stop 508,13.1381332,80.2174663,13.1381332,80.2174663,18,8.132,11.081,50,2025-10-14T20-38-29
Bus 102,Bus 102,4,96,Stop 96,13.1243483,80.1437183,13.1243483,80.1437183,4,0.000,11.081,54,2025-10-14T20-38-29
Bus 84,Bus 84,1,520,Stop 520,12.932351666666667,80.25188,12.932351666666667,80.25188,4,2.026,2.026,4,2025-10-14T20-38-29
Bus 84,Bus 84,2,401,Stop 401,12.9438173,80.2373504,12.9438173,80.2373504,4,3.042,5.068,8,2025-10-14T20-38-29
Bus 84,Bus 84,3,558,Stop 558,12.9470966,80.2094866,12.9470966,80.2094866,8,1.288,6.356,16,2025-10-14T20-38-29
Bus 84,Bus 84,4,358,Stop 358,12.9485666,80.197695,12.9485666,80.197695,8,1.522,7.878,24,2025-10-14T20-38-29
Bus 84,Bus 84,5,534,Stop 534,12.9574149,80.1869783,12.9574149,80.1869783,17,1.522,9.400,41,2025-10-14T20-38-29
Bus 84,Bus 84,6,43,Stop 43,12.9709149,80.1846716,12.9709149,80.1846716,13,0.000,9.400,54,2025-10-14T20-38-29
Bus 5,Bus 5,1,66,Stop 66,13.0529183,80.2737266,13.0529183,80.2737266,15,4.237,4.237,15,2025-10-14T20-38-29
Bus 5,Bus 5,2,379,Stop 379,13.0777616,80.244065,13.0777616,80.244065,10,1.480,5.717,25,2025-10-14T20-38-29
Bus 5,Bus 5,3,85,Stop 85,13.0746933,80.2307666,13.0746933,80.2307666,11,0.867,6.584,36,2025-10-14T20-38-29
Bus 5,Bus 5,4,321,Stop 321,13.068149,80.2264213,13.068149,80.2264213,14,6.697,13.281,50,2025-10-14T20-38-29
Bus 5,Bus 5,5,455,Stop 455,13.0404996,80.1714992,13.0404996,80.1714992,4,0.000,13.281,54,2025-10-14T20-38-29
Bus 46,Bus 46,1,68,Stop 68,13.115585,80.2442449,13.115585,80.2442449,13,1.112,1.112,13,2025-10-14T20-38-29
Bus 46,Bus 46,2,258,Stop 258,13.1144549,80.2340416,13.1144549,80.2340416,15,1.013,2.125,28,2025-10-14T20-38-29
Bus 46,Bus 46,3,476,Stop 476,13.1144165,80.2246856,13.1144165,80.2246856,26,0.000,2.125,54,2025-10-14T20-38-29
Bus 45,Bus 45,1,69,Stop 69,13.1084668,80.2496051,13.1084668,80.2496051,14,1.331,1.331,14,2025-10-14T20-38-29
Bus 45,Bus 45,2,257,Stop 257,13.11212,80.2379016,13.11212,80.2379016,19,1.504,2.835,33,2025-10-14T20-38-29
Bus 45,Bus 45,3,477,Stop 477,13.1145334,80.2242374,13.1145334,80.2242374,3,1.765,4.600,36,2025-10-14T20-38-29
Bus 45,Bus 45,4,474,Stop 474,13.0987334,80.2226829,13.0987334,80.2226829,18,0.000,4.600,54,2025-10-14T20-38-29
Bus 104,Bus 104,1,217,Stop 217,13.1769824,80.1958847,13.1769824,80.1958847,9,3.450,3.450,9,2025-10-14T20-38-29
Bus 104,Bus 104,2,571,Stop 571,13.1466841,80.202732,13.1466841,80.202732,6,1.600,5.050,15,2025-10-14T20-38-29
Bus 104,Bus 104,3,581,Stop 581,13.14411,80.1881933,13.14411,80.1881933,14,1.101,6.151,29,2025-10-14T20-38-29
Bus 104,Bus 104,4,88,Stop 88,13.13645,80.1817512,13.13645,80.1817512,7,1.762,7.913,36,2025-10-14T20-38-29
Bus 104,Bus 104,5,89,Stop 89,13.1321001,80.1661014,13.1321001,80.1661014,10,0.382,8.295,46,2025-10-14T20-38-29
Bus 104,Bus 104,6,351,Stop 351,13.131655,80.1626033,13.131655,80.1626033,8,0.000,8.295,54,2025-10-14T20-38-29
Bus 79,Bus 79,1,466,Stop 466,13.1162381,80.1027584,13.1162381,80.1027584,28,0.636,0.636,28,2025-10-14T20-38-29
Bus 79,Bus 79,2,107,Stop 107,13.1171536,80.09696,13.1171536,80.09696,22,4.425,5.061,50,2025-10-14T20-38-29
Bus 79,Bus 79,3,562,Stop 562,13.103681666666668,80.058515,13.103681666666668,80.058515,4,0.000,5.061,54,2025-10-14T20-38-29
Bus 12,Bus 12,1,218,Stop 218,13.0689668,80.2153205,13.0689668,80.2153205,16,1.379,1.379,16,2025-10-14T20-38-29
Bus 12,Bus 12,2,431,Stop 431,13.057141666666666,80.21148166666667,13.057141666666666,80.21148166666667,21,1.070,2.449,37,2025-10-14T20-38-29
Bus 12,Bus 12,3,126,Stop 126,13.054473333333334,80.20199333333333,13.054473333333334,80.20199333333333,17,0.000,2.449,54,2025-10-14T20-38-29
Bus 44,Bus 44,1,202,Stop 202,13.1042838,80.2532386,13.1042838,80.2532386,19,0.830,0.830,19,2025-10-14T20-38-29
Bus 44,Bus 44,2,201,Stop 201,13.0976331,80.2497673,13.0976331,80.2497673,13,1.176,2.005,32,2025-10-14T20-38-29
Bus 44,Bus 44,3,178,Stop 178,13.0977833,80.2389144,13.0977833,80.2389144,16,3.415,5.420,48,2025-10-14T20-38-29
Bus 44,Bus 44,4,137,Stop 137,13.1031835,80.2078723,13.1031835,80.2078723,3,5.407,10.827,51,2025-10-14T20-38-29
Bus 44,Bus 44,5,130,Stop 130,13.084285,80.1618699,13.084285,80.1618699,3,0.000,10.827,54,2025-10-14T20-38-29
Bus 127,Bus 127,1,134,Stop 134,13.029883333333334,80.23073333333333,13.029883333333334,80.23073333333333,12,5.462,5.462,12,2025-10-14T20-38-29
Bus 127,Bus 127,2,369,Stop 369,12.991867,80.1988029,12.991867,80.1988029,18,4.335,9.798,30,2025-10-14T20-38-29
Bus 127,Bus 127,3,195,Stop 195,13.02469,80.1772066,13.02469,80.1772066,12,4.532,14.330,42,2025-10-14T20-38-29
Bus 127,Bus 127,4,268,Stop 268,13.0154824,80.1364517,13.0154824,80.1364517,12,0.000,14.330,54,2025-10-14T20-38-29
Bus 112,Bus 112,1,464,Stop 464,13.1014001,80.1599788,13.1014001,80.1599788,17,1.493,1.493,17,2025-10-14T20-38-29
Bus 112,Bus 112,2,143,Stop 143,13.097525,80.14678166666667,13.097525,80.14678166666667,19,0.861,2.354,36,2025-10-14T20-38-29
Bus 112,Bus 112,3,527,Stop 527,13.100973,80.139663,13.100973,80.139663,11,13.494,15.848,47,2025-10-14T20-38-29
Bus 112,Bus 112,4,426,Stop 426,13.0323004,80.0369453,13.0323004,80.0369453,7,0.000,15.848,54,2025-10-14T20-38-29
Bus 16,Bus 16,1,297,Stop 297,13.0364566,80.2016316,13.0364566,80.2016316,15,0.959,0.959,15,2025-10-14T20-38-29
Bus 16,Bus 16,2,529,Stop 529,13.0376933,80.1928716,13.0376933,80.1928716,16,1.483,2.442,31,2025-10-14T20-38-29
Bus 16,Bus 16,3,428,Stop 428,13.0420133,80.179915,13.0420133,80.179915,16,3.476,5.918,47,2025-10-14T20-38-29
Bus 16,Bus 16,4,145,Stop 145,13.0281329,80.1511669,13.0281329,80.1511669,7,0.000,5.918,54,2025-10-14T20-38-29
Bus 41,Bus 41,1,165,Stop 165,13.11291,80.2922533,13.11291,80.2922533,33,3.778,3.778,33,2025-10-14T20-38-29
Bus 41,Bus 41,2,383,Stop 383,13.123888333333332,80.25924166666667,13.123888333333332,80.25924166666667,13,1.155,4.933,46,2025-10-14T20-38-29
Bus 41,Bus 41,3,149,Stop 149,13.131038333333333,80.25150333333333,13.131038333333333,80.25150333333333,8,0.000,4.933,54,2025-10-14T20-38-29
Bus 9,Bus 9,1,188,Stop 188,13.052833,80.2276515,13.052833,80.2276515,19,0.522,0.522,19,2025-10-14T20-38-29
Bus 9,Bus 9,2,322,Stop 322,13.0531668,80.222845,13.0531668,80.222845,12,0.908,1.430,31,2025-10-14T20-38-29
Bus 9,Bus 9,3,261,Stop 261,13.0461016,80.2186383,13.0461016,80.2186383,13,2.948,4.378,44,2025-10-14T20-38-29
Bus 9,Bus 9,4,346,Stop 346,13.0602169,80.1955986,13.0602169,80.1955986,10,0.000,4.378,54,2025-10-14T20-38-29
Bus 4,Bus 4,1,391,Stop 391,13.05863,80.2741899,13.05863,80.2741899,27,3.371,3.371,27,2025-10-14T20-38-29
Bus 4,Bus 4,2,210,Stop 210,13.0630899,80.2434033,13.0630899,80.2434033,15,1.325,4.697,42,2025-10-14T20-38-29
Bus 4,Bus 4,3,525,Stop 525,13.0534899,80.2361549,13.0534899,80.2361549,12,0.000,4.697,54,2025-10-14T20-38-29
Bus 40,Bus 40,1,339,Stop 339,13.11399,80.2925183,13.11399,80.2925183,27,2.391,2.391,27,2025-10-14T20-38-29
Bus 40,Bus 40,2,327,Stop 327,13.1012583,80.2747266,13.1012583,80.2747266,11,2.435,4.826,38,2025-10-14T20-38-29
Bus 40,Bus 40,3,382,Stop 382,13.118151666666666,80.260415,13.118151666666666,80.260415,16,0.000,4.826,54,2025-10-14T20-38-29
Bus 72,Bus 72,1,10,Stop 10,13.0991828,79.6554183,13.0991828,79.6554183,19,0.809,0.809,19,2025-10-14T20-38-29
Bus 72,Bus 72,2,9,Stop 9,13.0930516,79.659435,13.0930516,79.659435,32,29.062,29.870,51,2025-10-14T20-38-29
Bus 72,Bus 72,3,212,Stop 212,13.0281519,79.9193286,13.0281519,79.9193286,2,0.000,29.870,53,2025-10-14T20-38-29
Bus 76,Bus 76,1,12,Stop 12,13.1307339,80.1316547,13.1307339,80.1316547,41,3.296,3.296,41,2025-10-14T20-38-29
Bus 76,Bus 76,2,243,Stop 243,13.1114199,80.1085716,13.1114199,80.1085716,6,0.642,3.937,47,2025-10-14T20-38-29
Bus 76,Bus 76,3,244,Stop 244,13.1056499,80.1084804,13.1056499,80.1084804,6,0.000,3.937,53,2025-10-14T20-38-29
Bus 39,Bus 39,1,73,Stop 73,13.1229716,80.29414,13.1229716,80.29414,29,3.124,3.124,29,2025-10-14T20-38-29
Bus 39,Bus 39,2,326,Stop 326,13.1028383,80.2740233,13.1028383,80.2740233,15,4.696,7.820,44,2025-10-14T20-38-29
Bus 39,Bus 39,3,180,Stop 180,13.0994498,80.2307987,13.0994498,80.2307987,6,2.409,10.229,50,2025-10-14T20-38-29
Bus 39,Bus 39,4,22,Stop 22,13.084867,80.2143478,13.084867,80.2143478,3,0.000,10.229,53,2025-10-14T20-38-29
Bus 100,Bus 100,1,451,Stop 451,13.1850483,80.3110116,13.1850483,80.3110116,17,0.660,0.660,17,2025-10-14T20-38-29
Bus 100,Bus 100,2,161,Stop 161,13.180105,80.30763,13.180105,80.30763,6,4.506,5.167,23,2025-10-14T20-38-29
Bus 100,Bus 100,3,496,Stop 496,13.1965133,80.2695716,13.1965133,80.2695716,4,3.883,9.050,27,2025-10-14T20-38-29
Bus 100,Bus 100,4,151,Stop 151,13.1638433,80.256895,13.1638433,80.256895,19,3.273,12.323,46,2025-10-14T20-38-29
Bus 100,Bus 100,5,32,Stop 32,13.14154,80.23717,13.14154,80.23717,5,0.000,12.323,51,2025-10-14T20-38-29
Bus 47,Bus 47,1,501,Stop 501,13.1197834,80.2248287,13.1197834,80.2248287,18,2.437,2.437,18,2025-10-14T20-38-29
Bus 47,Bus 47,2,138,Stop 138,13.1016838,80.2121353,13.1016838,80.2121353,10,1.001,3.438,28,2025-10-14T20-38-29
Bus 47,Bus 47,3,576,Stop 576,13.1037116,80.2031316,13.1037116,80.2031316,14,1.905,5.343,42,2025-10-14T20-38-29
Bus 47,Bus 47,4,231,Stop 231,13.107984,80.1861,13.107984,80.1861,6,2.997,8.340,48,2025-10-14T20-38-29
Bus 47,Bus 47,5,52,Stop 52,13.0810699,80.1845683,13.0810699,80.1845683,5,0.000,8.340,53,2025-10-14T20-38-29
Bus 59,Bus 59,1,430,Stop 430,13.0999004,80.1875495,13.0999004,80.1875495,20,1.346,1.346,20,2025-10-14T20-38-29
Bus 59,Bus 59,2,155,Stop 155,13.0879497,80.1855659,13.0879497,80.1855659,16,0.795,2.141,36,2025-10-14T20-38-29
Bus 59,Bus 59,3,54,Stop 54,13.0810266,80.1837316,13.0810266,80.1837316,17,0.000,2.141,53,2025-10-14T20-38-29
Bus 2,Bus 2,1,392,Stop 392,13.063195,80.2741199,13.063195,80.2741199,12,1.198,1.198,12,2025-10-14T20-38-29
Bus 2,Bus 2,2,67,Stop 67,13.0533766,80.2695566,13.0533766,80.2695566,11,1.088,2.286,23,2025-10-14T20-38-29
Bus 2,Bus 2,3,533,Stop 533,13.0542966,80.2595583,13.0542966,80.2595583,19,1.947,4.233,42,2025-10-14T20-38-29
Bus 2,Bus 2,4,524,Stop 524,13.0525839,80.2416706,13.0525839,80.2416706,11,0.000,4.233,53,2025-10-14T20-38-29
Bus 110,Bus 110,1,237,Stop 237,13.1249216,80.1525033,13.1249216,80.1525033,16,0.645,0.645,16,2025-10-14T20-38-29
Bus 110,Bus 110,2,95,Stop 95,13.119736,80.149826,13.119736,80.149826,20,0.924,1.570,36,2025-10-14T20-38-29
Bus 110,Bus 110,3,388,Stop 388,13.11155,80.151305,13.11155,80.151305,17,0.000,1.570,53,2025-10-14T20-38-29
Bus 61,Bus 61,1,301,Stop 301,13.0880832,80.1793861,13.0880832,80.1793861,27,1.952,1.952,27,2025-10-14T20-38-29
Bus 61,Bus 61,2,127,Stop 127,13.0805325,80.1631164,13.0805325,80.1631164,21,2.262,4.214,48,2025-10-14T20-38-29
Bus 61,Bus 61,3,254,Stop 254,13.0602169,80.1620197,13.0602169,80.1620197,5,0.000,4.214,53,2025-10-14T20-38-29
Bus 87,Bus 87,1,187,Stop 187,12.966738333333334,80.256945,12.966738333333334,80.256945,12,4.472,4.472,12,2025-10-14T20-38-29
Bus 87,Bus 87,2,377,Stop 377,12.96304,80.2158533,12.96304,80.2158533,16,2.695,7.167,28,2025-10-14T20-38-29
Bus 87,Bus 87,3,545,Stop 545,12.980616,80.1987266,12.980616,80.1987266,15,1.433,8.600,43,2025-10-14T20-38-29
Bus 87,Bus 87,4,423,Stop 423,12.9812883,80.185515,12.9812883,80.185515,10,0.000,8.600,53,2025-10-14T20-38-29
Bus 8,Bus 8,1,518,Stop 518,13.07605,80.22513833333333,13.07605,80.22513833333333,21,1.108,1.108,21,2025-10-14T20-38-29
Bus 8,Bus 8,2,219,Stop 219,13.0724167,80.2156162,13.0724167,80.2156162,23,0.910,2.018,44,2025-10-14T20-38-29
Bus 8,Bus 8,3,461,Stop 461,13.0670666,80.2092552,13.0670666,80.2092552,9,0.000,2.018,53,2025-10-14T20-38-29
Bus 109,Bus 109,1,353,Stop 353,13.13049,80.158795,13.13049,80.158795,36,0.780,0.780,36,2025-10-14T20-38-29
Bus 109,Bus 109,2,236,Stop 236,13.1260335,80.1532363,13.1260335,80.1532363,17,0.000,0.780,53,2025-10-14T20-38-29
Bus 23,Bus 23,1,398,Stop 398,13.0380833,80.1350021,13.0380833,80.1350021,43,2.679,2.679,43,2025-10-14T20-38-29
Bus 23,Bus 23,2,272,Stop 272,13.0317583,80.111135,13.0317583,80.111135,10,0.000,2.679,53,2025-10-14T20-38-29
Bus 10,Bus 10,1,583,Stop 583,13.0467366,80.22625,13.0467366,80.22625,10,1.520,1.520,10,2025-10-14T20-38-29
Bus 10,Bus 10,2,568,Stop 568,13.0468332,80.2122211,13.0468332,80.2122211,20,0.908,2.428,30,2025-10-14T20-38-29
Bus 10,Bus 10,3,296,Stop 296,13.042093333333334,80.20539,13.042093333333334,80.20539,15,2.049,4.477,45,2025-10-14T20-38-29
Bus 10,Bus 10,4,517,Stop 517,13.045593333333333,80.18682333333334,13.045593333333333,80.18682333333334,8,0.000,4.477,53,2025-10-14T20-38-29
Bus 48,Bus 48,1,537,Stop 537,13.1234669,80.222721,13.1234669,80.222721,32,2.940,2.940,32,2025-10-14T20-38-29
Bus 48,Bus 48,2,306,Stop 306,13.0981659,80.2148342,13.0981659,80.2148342,21,0.000,2.940,53,2025-10-14T20-38-29
Bus 52,Bus 52,1,538,Stop 538,13.1259,80.2194118,13.1259,80.2194118,21,3.249,3.249,21,2025-10-14T20-38-29
Bus 52,Bus 52,2,577,Stop 577,13.1032824,80.2004146,13.1032824,80.2004146,25,1.931,5.180,46,2025-10-14T20-38-29
Bus 52,Bus 52,3,443,Stop 443,13.0871665,80.1937675,13.0871665,80.1937675,7,0.000,5.180,53,2025-10-14T20-38-29
Bus 53,Bus 53,1,255,Stop 255,13.083263333333331,80.23386666666667,13.083263333333331,80.23386666666667,11,1.465,1.465,11,2025-10-14T20-38-29
Bus 53,Bus 53,2,473,Stop 473,13.0919671,80.2237129,13.0919671,80.2237129,12,1.249,2.714,23,2025-10-14T20-38-29
Bus 53,Bus 53,3,519,Stop 519,13.0822336,80.2179527,13.0822336,80.2179527,10,1.530,4.244,33,2025-10-14T20-38-29
Bus 53,Bus 53,4,20,Stop 20,13.085134,80.2041435,13.085134,80.2041435,12,1.333,5.577,45,2025-10-14T20-38-29
Bus 53,Bus 53,5,335,Stop 335,13.0754494,80.1968955,13.0754494,80.1968955,7,0.000,5.577,52,2025-10-14T20-38-29
Bus 106,Bus 106,1,308,Stop 308,13.1387329,80.2067661,13.1387329,80.2067661,19,1.532,1.532,19,2025-10-14T20-38-29
Bus 106,Bus 106,2,39,Stop 39,13.12504,80.2051849,13.12504,80.2051849,17,5.196,6.728,36,2025-10-14T20-38-29
Bus 106,Bus 106,3,352,Stop 352,13.130065,80.1574833,13.130065,80.1574833,9,1.483,8.211,45,2025-10-14T20-38-29
Bus 106,Bus 106,4,93,Stop 93,13.12303,80.1458483,13.12303,80.1458483,7,0.000,8.211,52,2025-10-14T20-38-29
Bus 108,Bus 108,1,40,Stop 40,13.1231164,80.2017021,13.1231164,80.2017021,25,3.467,3.467,25,2025-10-14T20-38-29
Bus 108,Bus 108,2,87,Stop 87,13.13215,80.171055,13.13215,80.171055,27,0.000,3.467,52,2025-10-14T20-38-29
Bus 91,Bus 91,1,205,Stop 205,12.9679916,80.1894266,12.9679916,80.1894266,29,6.887,6.887,29,2025-10-14T20-38-29
Bus 91,Bus 91,2,60,Stop 60,12.9831933,80.12781,12.9831933,80.12781,23,0.000,6.887,52,2025-10-14T20-38-29
Bus 128,Bus 128,1,184,Stop 184,13.024575,80.22868333333334,13.024575,80.22868333333334,17,5.118,5.118,17,2025-10-14T20-38-29
Bus 128,Bus 128,2,175,Stop 175,12.9894828,80.1981163,12.9894828,80.1981163,20,7.834,12.952,37,2025-10-14T20-38-29
Bus 128,Bus 128,3,267,Stop 267,13.0117666,80.1295185,13.0117666,80.1295185,9,1.637,14.589,46,2025-10-14T20-38-29
Bus 128,Bus 128,4,263,Stop 263,13.010683,80.1144504,13.010683,80.1144504,6,0.000,14.589,52,2025-10-14T20-38-29
Bus 18,Bus 18,1,204,Stop 204,13.050208333333334,80.19627,13.050208333333334,80.19627,16,1.000,1.000,16,2025-10-14T20-38-29
Bus 18,Bus 18,2,516,Stop 516,13.0460416,80.1880933,13.0460416,80.1880933,30,5.395,6.395,46,2025-10-14T20-38-29
Bus 18,Bus 18,3,397,Stop 397,13.0370664,80.1391506,13.0370664,80.1391506,6,0.000,6.395,52,2025-10-14T20-38-29
Bus 134,Bus 134,1,70,Stop 70,12.8653283,80.0749116,12.8653283,80.0749116,23,1.321,1.321,23,2025-10-14T20-38-29
Bus 134,Bus 134,2,405,Stop 405,12.87647,80.079135,12.87647,80.079135,21,3.371,4.692,44,2025-10-14T20-38-29
Bus 134,Bus 134,3,169,Stop 169,12.9059616,80.0719283,12.9059616,80.0719283,8,0.000,4.692,52,2025-10-14T20-38-29
Bus 32,Bus 32,1,114,Stop 114,12.9224166,80.1973733,12.9224166,80.1973733,11,1.738,1.738,11,2025-10-14T20-38-29
Bus 32,Bus 32,2,549,Stop 549,12.9196366,80.18159,12.9196366,80.18159,9,1.320,3.059,20,2025-10-14T20-38-29
Bus 32,Bus 32,3,249,Stop 249,12.9202366,80.1694233,12.9202366,80.1694233,6,3.006,6.065,26,2025-10-14T20-38-29
Bus 32,Bus 32,4,6,Stop 6,12.9402683,80.150795,12.9402683,80.150795,25,0.000,6.065,51,2025-10-14T20-38-29
Bus 86,Bus 86,1,557,Stop 557,12.980485,80.25927666666666,12.980485,80.25927666666666,15,1.810,1.810,15,2025-10-14T20-38-29
Bus 86,Bus 86,2,452,Stop 452,12.9728007,80.2445507,12.9728007,80.2445507,10,2.682,4.492,25,2025-10-14T20-38-29
Bus 86,Bus 86,3,19,Stop 19,12.9842996,80.2227878,12.9842996,80.2227878,18,3.951,8.443,43,2025-10-14T20-38-29
Bus 86,Bus 86,4,206,Stop 206,12.9690066,80.1898749,12.9690066,80.1898749,8,0.000,8.443,51,2025-10-14T20-38-29
Bus 123,Bus 123,1,536,Stop 536,12.7994167,79.7814846,12.7994167,79.7814846,5,3.994,3.994,5,2025-10-14T20-38-29
Bus 123,Bus 123,2,37,Stop 37,12.7937829,79.8178625,12.7937829,79.8178625,12,21.963,25.957,17,2025-10-14T20-38-29
Bus 123,Bus 123,3,275,Stop 275,12.9517388,79.9395084,12.9517388,79.9395084,13,0.630,26.587,30,2025-10-14T20-38-29
Bus 123,Bus 123,4,276,Stop 276,12.9563164,79.9429321,12.9563164,79.9429321,12,1.000,27.586,42,2025-10-14T20-38-29
Bus 123,Bus 123,5,23,Stop 23,12.9649829,79.945383,12.9649829,79.945383,5,3.106,30.693,47,2025-10-14T20-38-29
Bus 123,Bus 123,6,361,Stop 361,12.9818149,79.9682633,12.9818149,79.9682633,4,0.000,30.693,51,2025-10-14T20-38-29
Bus 125,Bus 125,1,354,Stop 354,12.9887,80.25582666666666,12.9887,80.25582666666666,9,4.286,4.286,9,2025-10-14T20-38-29
Bus 125,Bus 125,2,450,Stop 450,12.9952836,80.2168464,12.9952836,80.2168464,11,1.145,5.431,20,2025-10-14T20-38-29
Bus 125,Bus 125,3,449,Stop 449,13.0011332,80.2081489,13.0011332,80.2081489,11,1.180,6.612,31,2025-10-14T20-38-29
Bus 125,Bus 125,4,100,Stop 100,13.007456666666666,80.19940166666666,13.007456666666666,80.19940166666666,9,1.719,8.331,40,2025-10-14T20-38-29
Bus 125,Bus 125,5,370,Stop 370,12.9931664,80.1933479,12.9931664,80.1933479,11,0.000,8.331,51,2025-10-14T20-38-29
Bus 95,Bus 95,1,191,Stop 191,12.8311836,79.703598,12.8311836,79.703598,11,0.673,0.673,11,2025-10-14T20-38-29
Bus 95,Bus 95,2,190,Stop 190,12.8365671,79.7064352,12.8365671,79.7064352,21,0.000,0.673,32,2025-10-14T20-38-29
Bus 64,Bus 64,1,422,Stop 422,13.0691233,80.1806616,13.0691233,80.1806616,24,1.133,1.133,24,2025-10-14T20-38-29
Bus 64,Bus 64,2,198,Stop 198,13.0642664,80.1714611,13.0642664,80.1714611,11,1.287,2.420,35,2025-10-14T20-38-29
Bus 64,Bus 64,3,494,Stop 494,13.0695497,80.1608943,13.0695497,80.1608943,16,0.000,2.420,51,2025-10-14T20-38-29
Bus 67,Bus 67,1,7,Stop 7,13.06185,80.1468181,13.06185,80.1468181,9,1.097,1.097,9,2025-10-14T20-38-29
Bus 67,Bus 67,2,349,Stop 349,13.0658433,80.1375549,13.0658433,80.1375549,10,0.611,1.708,19,2025-10-14T20-38-29
Bus 67,Bus 67,3,348,Stop 348,13.0607342,80.1354789,13.0607342,80.1354789,21,1.909,3.617,40,2025-10-14T20-38-29
Bus 67,Bus 67,4,250,Stop 250,13.055936666666666,80.11856,13.055936666666666,80.11856,10,0.000,3.617,50,2025-10-14T20-38-29
Bus 11,Bus 11,1,260,Stop 260,13.0469501,80.2251338,13.0469501,80.2251338,20,1.733,1.733,20,2025-10-14T20-38-29
Bus 11,Bus 11,2,363,Stop 363,13.032136666666666,80.22017166666667,13.032136666666666,80.22017166666667,15,0.491,2.223,35,2025-10-14T20-38-29
Bus 11,Bus 11,3,27,Stop 27,13.031268333333331,80.21573166666667,13.031268333333331,80.21573166666667,15,0.000,2.223,50,2025-10-14T20-38-29
Bus 36,Bus 36,1,304,Stop 304,12.956455,80.1434916,12.956455,80.1434916,18,1.704,1.704,18,2025-10-14T20-38-29
Bus 36,Bus 36,2,148,Stop 148,12.971685,80.14173333333333,12.971685,80.14173333333333,5,0.509,2.213,23,2025-10-14T20-38-29
Bus 36,Bus 36,3,147,Stop 147,12.9732183,80.1373083,12.9732183,80.1373083,22,2.026,4.239,45,2025-10-14T20-38-29
Bus 36,Bus 36,4,61,Stop 61,12.981288333333334,80.12054666666667,12.981288333333334,80.12054666666667,5,0.000,4.239,50,2025-10-14T20-38-29
Bus 68,Bus 68,1,419,Stop 419,13.073575,80.1231833,13.073575,80.1231833,16,2.673,2.673,16,2025-10-14T20-38-29
Bus 68,Bus 68,2,79,Stop 79,13.051835,80.11265666666667,13.051835,80.11265666666667,25,1.480,4.153,41,2025-10-14T20-38-29
Bus 68,Bus 68,3,532,Stop 532,13.056817,80.0999832,13.056817,80.0999832,9,0.000,4.153,50,2025-10-14T20-38-29
Bus 70,Bus 70,1,80,Stop 80,13.046733333333334,80.111845,13.046733333333334,80.111845,17,1.894,1.894,17,2025-10-14T20-38-29
Bus 70,Bus 70,2,531,Stop 531,13.0560994,80.0972366,13.0560994,80.0972366,18,1.012,2.906,35,2025-10-14T20-38-29
Bus 70,Bus 70,3,394,Stop 394,13.0510866,80.0894383,13.0510866,80.0894383,15,0.000,2.906,50,2025-10-14T20-38-29
Bus 119,Bus 119,1,105,Stop 105,13.1666166,80.09835,13.1666166,80.09835,13,5.557,5.557,13,2025-10-14T20-38-29
Bus 119,Bus 119,2,277,Stop 277,13.118905,80.08307166666667,13.118905,80.08307166666667,15,0.873,6.430,28,2025-10-14T20-38-29
Bus 119,Bus 119,3,521,Stop 521,13.1191933,80.075016,13.1191933,80.075016,22,0.000,6.430,50,2025-10-14T20-38-29
Bus 75,Bus 75,1,359,Stop 359,13.1910116,80.1861783,13.1910116,80.1861783,18,10.310,10.310,18,2025-10-14T20-38-29
Bus 75,Bus 75,2,299,Stop 299,13.1257164,80.1185798,13.1257164,80.1185798,11,1.723,12.032,29,2025-10-14T20-38-29
Bus 75,Bus 75,3,467,Stop 467,13.1213333,80.1033216,13.1213333,80.1033216,9,0.911,12.943,38,2025-10-14T20-38-29
Bus 75,Bus 75,4,108,Stop 108,13.1193583,80.0951583,13.1193583,80.0951583,12,0.000,12.943,50,2025-10-14T20-38-29
Bus 107,Bus 107,1,123,Stop 123,13.1281183,80.2105933,13.1281183,80.2105933,15,0.861,0.861,15,2025-10-14T20-38-29
Bus 107,Bus 107,2,385,Stop 385,13.1242001,80.2037334,13.1242001,80.2037334,25,6.997,7.858,40,2025-10-14T20-38-29
Bus 107,Bus 107,3,142,Stop 142,13.097393333333333,80.14528,13.097393333333333,80.14528,10,0.000,7.858,50,2025-10-14T20-38-29
Bus 65,Bus 65,1,128,Stop 128,13.0816674,80.1669502,13.0816674,80.1669502,34,1.029,1.029,34,2025-10-14T20-38-29
Bus 65,Bus 65,2,530,Stop 530,13.0741333,80.1614284,13.0741333,80.1614284,16,0.000,1.029,50,2025-10-14T20-38-29
Bus 138,Bus 138,1,158,Stop 158,12.9074716,80.1573683,12.9074716,80.1573683,10,0.875,0.875,10,2025-10-14T20-38-29
Bus 138,Bus 138,2,157,Stop 157,12.9146033,80.1539566,12.9146033,80.1539566,16,0.353,1.228,26,2025-10-14T20-38-29
Bus 138,Bus 138,3,483,Stop 483,12.9173266,80.1522766,12.9173266,80.1522766,6,0.604,1.833,32,2025-10-14T20-38-29
Bus 138,Bus 138,4,482,Stop 482,12.92276,80.1523483,12.92276,80.1523483,18,0.000,1.833,50,2025-10-14T20-38-29
Bus 13,Bus 13,1,460,Stop 460,13.0638337,80.2144813,13.0638337,80.2144813,23,1.897,1.897,23,2025-10-14T20-38-29
Bus 13,Bus 13,2,347,Stop 347,13.06244,80.1970266,13.06244,80.1970266,8,1.305,3.202,31,2025-10-14T20-38-29
Bus 13,Bus 13,3,203,Stop 203,13.0517661,80.1920127,13.0517661,80.1920127,13,1.480,4.683,44,2025-10-14T20-38-29
Bus 13,Bus 13,4,429,Stop 429,13.0432331,80.1815223,13.0432331,80.1815223,6,0.000,4.683,50,2025-10-14T20-38-29
Bus 89,Bus 89,1,535,Stop 535,12.9574183,80.1869499,12.9574183,80.1869499,8,2.219,2.219,8,2025-10-14T20-38-29
Bus 89,Bus 89,2,424,Stop 424,12.9770333,80.1831983,12.9770333,80.1831983,13,3.888,6.107,21,2025-10-14T20-38-29
Bus 89,Bus 89,3,367,Stop 367,12.9667066,80.1489133,12.9667066,80.1489133,18,2.466,8.573,39,2025-10-14T20-38-29
Bus 89,Bus 89,4,498,Stop 498,12.973685,80.12731,12.973685,80.12731,11,0.000,8.573,50,2025-10-14T20-38-29
Bus 63,Bus 63,1,51,Stop 51,13.0783283,80.1804716,13.0783283,80.1804716,37,1.448,1.448,37,2025-10-14T20-38-29
Bus 63,Bus 63,2,197,Stop 197,13.066663333333333,80.17453,13.066663333333333,80.17453,12,0.000,1.448,49,2025-10-14T20-38-29
Bus 136,Bus 136,1,111,Stop 111,12.8308783,80.0458316,12.8308783,80.0458316,4,2.440,2.440,4,2025-10-14T20-38-29
Bus 136,Bus 136,2,278,Stop 278,12.846235,80.0619016,12.846235,80.0619016,10,1.804,4.244,14,2025-10-14T20-38-29
Bus 136,Bus 136,3,71,Stop 71,12.85938,80.0716566,12.85938,80.0716566,4,0.750,4.993,18,2025-10-14T20-38-29
Bus 136,Bus 136,4,70,Stop 70,12.8653283,80.0749116,12.8653283,80.0749116,23,4.530,9.523,41,2025-10-14T20-38-29
Bus 136,Bus 136,5,169,Stop 169,12.9059616,80.0719283,12.9059616,80.0719283,8,0.000,9.523,49,2025-10-14T20-38-29
Bus 92,Bus 92,1,497,Stop 497,12.9761533,80.13274,12.9761533,80.13274,28,4.593,4.593,28,2025-10-14T20-38-29
Bus 92,Bus 92,2,115,Stop 115,12.9975666,80.0964883,12.9975666,80.0964883,21,0.000,4.593,49,2025-10-14T20-38-29
Bus 142,Bus 142,1,159,Stop 159,13.1523933,80.0671033,13.1523933,80.0671033,12,3.461,3.461,12,2025-10-14T20-38-29
Bus 142,Bus 142,2,579,Stop 579,13.1236149,80.054925,13.1236149,80.054925,9,3.155,6.616,21,2025-10-14T20-38-29
Bus 142,Bus 142,3,279,Stop 279,13.1245,80.02580833333333,13.1245,80.02580833333333,20,3.949,10.565,41,2025-10-14T20-38-29
Bus 142,Bus 142,4,315,Stop 315,13.094408333333334,80.00644,13.094408333333334,80.00644,8,0.000,10.565,49,2025-10-14T20-38-29
Bus 113,Bus 113,1,389,Stop 389,13.110115,80.152229,13.110115,80.152229,19,2.260,2.260,19,2025-10-14T20-38-29
Bus 113,Bus 113,2,213,Stop 213,13.106651,80.131668,13.106651,80.131668,18,1.879,4.138,37,2025-10-14T20-38-29
Bus 113,Bus 113,3,435,Stop 435,13.0914566,80.1240816,13.0914566,80.1240816,12,0.000,4.138,49,2025-10-14T20-38-29
Bus 129,Bus 129,1,445,Stop 445,13.0212163,80.1446819,13.0212163,80.1446819,33,2.941,2.941,33,2025-10-14T20-38-29
Bus 129,Bus 129,2,262,Stop 262,13.0099666,80.1201152,13.0099666,80.1201152,16,0.000,2.941,49,2025-10-14T20-38-29
Bus 25,Bus 25,1,563,Stop 563,13.0390133,80.113485,13.0390133,80.113485,19,1.471,1.471,19,2025-10-14T20-38-29
Bus 25,Bus 25,2,273,Stop 273,13.0262066,80.1100683,13.0262066,80.1100683,15,2.803,4.274,34,2025-10-14T20-38-29
Bus 25,Bus 25,3,510,Stop 510,13.03809,80.0872533,13.03809,80.0872533,15,0.000,4.274,49,2025-10-14T20-38-29
Bus 105,Bus 105,1,309,Stop 309,13.1366169,80.2085494,13.1366169,80.2085494,22,1.185,1.185,22,2025-10-14T20-38-29
Bus 105,Bus 105,2,384,Stop 384,13.1260502,80.2070999,13.1260502,80.2070999,10,0.972,2.158,32,2025-10-14T20-38-29
Bus 105,Bus 105,3,541,Stop 541,13.121441666666666,80.19946833333333,13.121441666666666,80.19946833333333,6,3.837,5.995,38,2025-10-14T20-38-29
Bus 105,Bus 105,4,340,Stop 340,13.1167816,80.16436,13.1167816,80.16436,11,0.000,5.995,49,2025-10-14T20-38-29
Bus 34,Bus 34,1,5,Stop 5,12.9410116,80.1472716,12.9410116,80.1472716,11,0.594,0.594,11,2025-10-14T20-38-29
Bus 34,Bus 34,2,371,Stop 371,12.942195,80.14193,12.942195,80.14193,16,1.018,1.611,27,2025-10-14T20-38-29
Bus 34,Bus 34,3,566,Stop 566,12.95117,80.140095,12.95117,80.140095,21,0.000,1.611,48,2025-10-14T20-38-29
Bus 96,Bus 96,1,357,Stop 357,12.825436666666668,79.70898833333334,12.825436666666668,79.70898833333334,7,1.223,1.223,7,2025-10-14T20-38-29
Bus 96,Bus 96,2,551,Stop 551,12.82023,79.71892166666666,12.82023,79.71892166666666,16,5.432,6.655,23,2025-10-14T20-38-29
Bus 96,Bus 96,3,120,Stop 120,12.8046501,79.7664022,12.8046501,79.7664022,11,18.045,24.700,34,2025-10-14T20-38-29
Bus 96,Bus 96,4,98,Stop 98,12.9248666,79.8782205,12.9248666,79.8782205,9,0.000,24.700,43,2025-10-14T20-38-29
Bus 22,Bus 22,1,146,Stop 146,13.028233,80.1512336,13.028233,80.1512336,19,2.235,2.235,19,2025-10-14T20-38-29
Bus 22,Bus 22,2,103,Stop 103,13.0386328,80.1335811,13.0386328,80.1335811,29,0.000,2.235,48,2025-10-14T20-38-29
Bus 139,Bus 139,1,110,Stop 110,12.9097466,80.14283,12.9097466,80.14283,20,1.424,1.424,20,2025-10-14T20-38-29
Bus 139,Bus 139,2,409,Stop 409,12.9225149,80.143795,12.9225149,80.143795,17,0.773,2.197,37,2025-10-14T20-38-29
Bus 139,Bus 139,3,211,Stop 211,12.9225733,80.1366583,12.9225733,80.1366583,11,0.000,2.197,48,2025-10-14T20-38-29
Bus 33,Bus 33,1,500,Stop 500,12.9170666,80.1930533,12.9170666,80.1930533,18,3.167,3.167,18,2025-10-14T20-38-29
Bus 33,Bus 33,2,523,Stop 523,12.9442133,80.1842183,12.9442133,80.1842183,14,3.208,6.375,32,2025-10-14T20-38-29
Bus 33,Bus 33,3,99,Stop 99,12.9548833,80.15671,12.9548833,80.15671,10,3.181,9.556,42,2025-10-14T20-38-29
Bus 33,Bus 33,4,199,Stop 199,12.957766,80.1275062,12.957766,80.1275062,5,0.000,9.556,47,2025-10-14T20-38-29
Bus 19,Bus 19,1,453,Stop 453,13.0409169,80.1729679,13.0409169,80.1729679,31,1.284,1.284,31,2025-10-14T20-38-29
Bus 19,Bus 19,2,569,Stop 569,13.0380332,80.1614952,13.0380332,80.1614952,16,0.000,1.284,47,2025-10-14T20-38-29
Bus 26,Bus 26,1,411,Stop 411,12.8395342,79.6985721,12.8395342,79.6985721,13,0.515,0.515,13,2025-10-14T20-38-29
Bus 26,Bus 26,2,3,Stop 3,12.8440165,79.699769,12.8440165,79.699769,10,0.861,1.376,23,2025-10-14T20-38-29
Bus 26,Bus 26,3,484,Stop 484,12.8500997,79.7046804,12.8500997,79.7046804,15,2.705,4.081,38,2025-10-14T20-38-29
Bus 26,Bus 26,4,186,Stop 186,12.871083,79.7173023,12.871083,79.7173023,5,2.779,6.860,43,2025-10-14T20-38-29
Bus 26,Bus 26,5,440,Stop 440,12.8735661,79.7428131,12.8735661,79.7428131,3,0.000,6.860,46,2025-10-14T20-38-29
Bus 114,Bus 114,1,436,Stop 436,13.114544,80.131446,13.114544,80.131446,15,1.834,1.834,15,2025-10-14T20-38-29
Bus 114,Bus 114,2,526,Stop 526,13.0983749,80.1348016,13.0983749,80.1348016,11,2.876,4.711,26,2025-10-14T20-38-29
Bus 114,Bus 114,3,57,Stop 57,13.1001583,80.108305,13.1001583,80.108305,20,0.000,4.711,46,2025-10-14T20-38-29
Bus 116,Bus 116,1,232,Stop 232,13.0910992,80.1084709,13.0910992,80.1084709,13,1.537,1.537,13,2025-10-14T20-38-29
Bus 116,Bus 116,2,386,Stop 386,13.0774664,80.110836,13.0774664,80.110836,15,5.935,7.473,28,2025-10-14T20-38-29
Bus 116,Bus 116,3,300,Stop 300,13.0546583,80.061295,13.0546583,80.061295,18,0.000,7.473,46,2025-10-14T20-38-29
Bus 115,Bus 115,1,59,Stop 59,13.0942559,80.1083946,13.0942559,80.1083946,13,0.654,0.654,13,2025-10-14T20-38-29
Bus 115,Bus 115,2,234,Stop 234,13.0883836,80.1086616,13.0883836,80.1086616,22,0.576,1.230,35,2025-10-14T20-38-29
Bus 115,Bus 115,3,233,Stop 233,13.0832004,80.1087379,13.0832004,80.1087379,10,0.000,1.230,45,2025-10-14T20-38-29
Bus 90,Bus 90,1,44,Stop 44,12.9690466,80.1898433,12.9690466,80.1898433,13,2.193,2.193,13,2025-10-14T20-38-29
Bus 90,Bus 90,2,183,Stop 183,12.9882566,80.1852599,12.9882566,80.1852599,20,7.864,10.057,33,2025-10-14T20-38-29
Bus 90,Bus 90,3,404,Stop 404,12.9937766,80.1129033,12.9937766,80.1129033,11,0.000,10.057,44,2025-10-14T20-38-29
Bus 131,Bus 131,1,289,Stop 289,12.9039116,80.09442,12.9039116,80.09442,11,1.923,1.923,11,2025-10-14T20-38-29
Bus 131,Bus 131,2,172,Stop 172,12.9197833,80.0873683,12.9197833,80.0873683,16,1.161,3.084,27,2025-10-14T20-38-29
Bus 131,Bus 131,3,312,Stop 312,12.9214233,80.0767916,12.9214233,80.0767916,17,0.000,3.084,44,2025-10-14T20-38-29
Bus 98,Bus 98,1,552,Stop 552,12.8374326,79.7038173,12.8374326,79.7038173,24,30.719,30.719,24,2025-10-14T20-38-29
Bus 98,Bus 98,2,344,Stop 344,12.9676733,79.9537666,12.9676733,79.9537666,20,0.000,30.719,44,2025-10-14T20-38-29
Bus 83,Bus 83,1,514,Stop 514,13.0972027,79.9074554,13.0972027,79.9074554,14,0.601,0.601,14,2025-10-14T20-38-29
Bus 83,Bus 83,2,78,Stop 78,13.0918049,79.9077987,13.0918049,79.9077987,4,1.327,1.928,18,2025-10-14T20-38-29
Bus 83,Bus 83,3,77,Stop 77,13.079915,79.9088573,13.079915,79.9088573,25,0.000,1.928,43,2025-10-14T20-38-29
Bus 24,Bus 24,1,102,Stop 102,13.0397616,80.1305633,13.0397616,80.1305633,21,0.890,0.890,21,2025-10-14T20-38-29
Bus 24,Bus 24,2,325,Stop 325,13.0429828,80.123043,13.0429828,80.123043,22,0.000,0.890,43,2025-10-14T20-38-29
Bus 132,Bus 132,1,62,Stop 62,12.917365,80.1077533,12.917365,80.1077533,5,1.710,1.710,5,2025-10-14T20-38-29
Bus 132,Bus 132,2,171,Stop 171,12.92162,80.0925933,12.92162,80.0925933,21,2.133,3.843,26,2025-10-14T20-38-29
Bus 132,Bus 132,3,311,Stop 311,12.9155633,80.07392,12.9155633,80.07392,15,0.000,3.843,41,2025-10-14T20-38-29
Bus 140,Bus 140,1,506,Stop 506,12.9229783,80.1283566,12.9229783,80.1283566,29,0.914,0.914,29,2025-10-14T20-38-29
Bus 140,Bus 140,2,505,Stop 505,12.9233466,80.119935,12.9233466,80.119935,12,0.000,0.914,41,2025-10-14T20-38-29